-- MySQL Administrator dump 1.4
--
-- ------------------------------------------------------
-- Server version	5.5.58-log


/*!40101 SET @OLD_CHARACTER_SET_CLIENT=@@CHARACTER_SET_CLIENT */;
/*!40101 SET @OLD_CHARACTER_SET_RESULTS=@@CHARACTER_SET_RESULTS */;
/*!40101 SET @OLD_COLLATION_CONNECTION=@@COLLATION_CONNECTION */;
/*!40101 SET NAMES utf8 */;

/*!40014 SET @OLD_UNIQUE_CHECKS=@@UNIQUE_CHECKS, UNIQUE_CHECKS=0 */;
/*!40014 SET @OLD_FOREIGN_KEY_CHECKS=@@FOREIGN_KEY_CHECKS, FOREIGN_KEY_CHECKS=0 */;
/*!40101 SET @OLD_SQL_MODE=@@SQL_MODE, SQL_MODE='NO_AUTO_VALUE_ON_ZERO' */;


--
-- Create schema e_desk
--

CREATE DATABASE IF NOT EXISTS e_desk;
USE e_desk;

--
-- Temporary table structure for view `ED07_LABORATORIO_ASESOR`
--
DROP TABLE IF EXISTS `ED07_LABORATORIO_ASESOR`;
DROP VIEW IF EXISTS `ED07_LABORATORIO_ASESOR`;
CREATE TABLE `ED07_LABORATORIO_ASESOR` (
  `SIS03_LABORATORIOID` varchar(50),
  `ED07_MAILASESOR` varchar(50)
);

--
-- Temporary table structure for view `SIS03_LABORATORIO`
--
DROP TABLE IF EXISTS `SIS03_LABORATORIO`;
DROP VIEW IF EXISTS `SIS03_LABORATORIO`;
CREATE TABLE `SIS03_LABORATORIO` (
  `SIS03_LABORATORIOID` varchar(50),
  `SIS03_LABORATORIODESCRIPCION` varchar(100),
  `SIS03_ESTADO` int(11),
  `SIS03_COLORETIQUETA` char(0),
  `SIS03_CURSOS` varchar(255),
  `SIS03_ASESOR` varchar(100),
  `SIS03_NIVELES` varchar(255),
  `SIS03_PRODUCTOS` varchar(255),
  `SIS03_CONEMATLOCAL` int(10),
  `SIS03_INTALADONEMATLOCAL` int(10),
  `SIS03_DISTRIBUIDO` int(11),
  `SIS03_INFO_DISTRIBUIDO` text,
  `SIS03_TIPO_CONTACTO_1` int(10),
  `SIS03_NOMBRE_CONTACTO_1` varchar(50),
  `SIS03_FONO_CONTACTO_1` varchar(50),
  `SIS03_CELULAR_CONTACTO_1` varchar(50),
  `SIS03_EMAIL_CONTACTO_1` varchar(100),
  `SIS03_TIPO_CONTACTO_2` int(10),
  `SIS03_NOMBRE_CONTACTO_2` varchar(50),
  `SIS03_FONO_CONTACTO_2` varchar(50),
  `SIS03_CELULAR_CONTACTO_2` varchar(50),
  `SIS03_EMAIL_CONTACTO_2` varchar(100),
  `SIS03_TIPO_CONTACTO_3` int(10) unsigned,
  `SIS03_NOMBRE_CONTACTO_3` varchar(50),
  `SIS03_FONO_CONTACTO_3` varchar(50),
  `SIS03_CELULAR_CONTACTO_3` varchar(50),
  `SIS03_EMAIL_CONTACTO_3` varchar(100),
  `SIS03_RUT_ASESOR` varchar(45),
  `SIS03_FONO_COLEGIO` varchar(50),
  `SIS03_OBSERVACIONES` text,
  `SIS03_CHECKLIST_1` longblob,
  `SIS03_NOMBRE_ARCHIVO_CHECKLIST_1` varchar(255),
  `SIS03_PESO_CHECKLIST_1` int(10),
  `SIS03_TIPO_ARCHIVO_CHECKLIST_1` varchar(45),
  `SIS03_CHECKLIST_2` longblob,
  `SIS03_NOMBRE_ARCHIVO_CHECKLIST_2` varchar(255),
  `SIS03_PESO_CHECKLIST_2` int(10),
  `SIS03_TIPO_ARCHIVO_CHECKLIST_2` varchar(45),
  `SIS03_FECHA_OPERATIVO` datetime,
  `SIS03_OTROS_DISPOSITIVOS` varchar(255),
  `SIS03_OTROS_DISPOSITIVOS_INFO` text,
  `SIS03_SEGMENTO_VALOR` varchar(255),
  `SIS03_COMUNA_ID` int(11),
  `SIS03_REGION_ID` int(11),
  `SIS03_DEPENDENCIA` varchar(10),
  `SIS03_NUM_ALUMNOS` int(10),
  `SIS03_NUM_PROFESORES` int(10),
  `SIS03_PAGO_MENSUALIDAD_ALUMNO` varchar(255),
  `SIS03_MONTO_SEP` int(10),
  `SIS03_NUM_SUCURSALES` int(10) unsigned,
  `SIS03_NOMBRE_EJECUTIVO_VENTAS` varchar(100),
  `SIS03_DETALLE_CURSOS_NIVELES` text,
  `SIS03_NUM_LABORATORIOS` int(10),
  `SIS03_TIPO_LABORATORIO` varchar(45),
  `SIS03_DISPOSITIVOS` varchar(255),
  `SIS03_PROVEEDOR_INTERNET` varchar(100),
  `SIS03_COMPU_X_ALUMNO` int(11),
  `SIS03_PLATAFORMAS_EN_USO` text,
  `SIS03_ULTIMA_VIGENCIA` varchar(255),
  `SIS03_EVENTOS_DEL_ANIO` text,
  `SIS03_TIPO_CONTRATO` varchar(255),
  `SIS03_FORMA_PAGO` varchar(100),
  `SIS03_PRIMER_ANIO_VENTA` varchar(50),
  `SIS03_ULTIMO_ANIO_VENTA` varchar(50),
  `SIS03_MOTIVO_NO_RENUEVA` text,
  `SIS03_MOTIVO_NO_COMPRA` text,
  `SIS03_PERFIL_CLIENTE` varchar(255),
  `SIS03_ANTIGUEDAD` varchar(45),
  `SIS03_MEDIO_COUMNICACION` text,
  `SIS03_DESCRIPT_TOPOLOGIA` text,
  `SIS03_NOMBRE_ARCHIVO_TPOLOGIA` varchar(255),
  `SIS03_PESO_ARCHIVO_TPOLOGIA` int(10),
  `SIS03_TIPO_ARCHIVO_TPOLOGIA` varchar(45),
  `SIS03_ARCHIVO_TPOLOGIA` longblob,
  `SIS03_FECHA_INSERT` datetime,
  `SIS03_FECHA_UPDATE` timestamp
);

--
-- Definition of table `ED01_USUARIO`
--

DROP TABLE IF EXISTS `ED01_USUARIO`;
CREATE TABLE `ED01_USUARIO` (
  `ED01_USUARIOID` varchar(50) NOT NULL,
  `SIS02_NIVELID` int(11) DEFAULT NULL,
  `SIS01_SECTORID` varchar(50) DEFAULT NULL,
  `ED01_NOMBREAPELLIDO` varchar(50) DEFAULT NULL,
  `ED01_EMAIL` varchar(100) DEFAULT NULL,
  `ED01_PASSWORD` varchar(255) DEFAULT NULL,
  `ED01_ESPRIVADO` int(11) DEFAULT NULL,
  `ED01_NOTIFICAR` int(11) DEFAULT NULL,
  `ED01_FECHAINGRESO` date DEFAULT NULL,
  `ED01_FECHAULTIMAACTUALIZACION` timestamp NOT NULL DEFAULT CURRENT_TIMESTAMP ON UPDATE CURRENT_TIMESTAMP,
  PRIMARY KEY (`ED01_USUARIOID`),
  UNIQUE KEY `Index_email` (`ED01_EMAIL`)
) ENGINE=InnoDB DEFAULT CHARSET=latin1;

--
-- Dumping data for table `ED01_USUARIO`
--

/*!40000 ALTER TABLE `ED01_USUARIO` DISABLE KEYS */;
INSERT INTO `ED01_USUARIO` (`ED01_USUARIOID`,`SIS02_NIVELID`,`SIS01_SECTORID`,`ED01_NOMBREAPELLIDO`,`ED01_EMAIL`,`ED01_PASSWORD`,`ED01_ESPRIVADO`,`ED01_NOTIFICAR`,`ED01_FECHAINGRESO`,`ED01_FECHAULTIMAACTUALIZACION`) VALUES 
 ('aaedo',6,'INF','Alejandra Aedo','aaedo@compumat.cl','e11170b8cbd2d74102651cb967fa28e5',0,1,'2019-08-13','2019-08-13 12:11:15'),
 ('aaguero',2,'LAB','Ana Aguero','ana.aguero@compumat.cl','e11170b8cbd2d74102651cb967fa28e5',0,1,'2019-08-13','2019-08-13 12:11:02'),
 ('ayanez',7,'SAC','America Yañez','ayanez@compumat.cl','e11170b8cbd2d74102651cb967fa28e5',0,1,'2019-07-10','2019-07-10 11:49:53'),
 ('cherrera',1,'INF','Claudia Herrera','cherrerarojas2019@gmail.com','2b88ca8af91331b8cdb0d07ea7409806',0,1,'2019-07-06','2019-07-27 07:01:17'),
 ('emartinez',3,'LAB','Eduardo Martinez','emartinez@compumat.cl','e11170b8cbd2d74102651cb967fa28e5',0,1,'2019-08-13','2019-08-13 12:12:03'),
 ('gpiaggio',7,'SAC','Gabriela Piaggio','gpiaggio@compumat.cl','e11170b8cbd2d74102651cb967fa28e5',0,1,'2019-08-13','2019-08-13 12:11:29'),
 ('isegovia',6,'INF','Jean Segovia','isegovia@compumat.cl','e11170b8cbd2d74102651cb967fa28e5',0,1,'2019-07-01','2019-07-01 10:10:26'),
 ('jalcaino',1,'INF','José Alcaíno','jalcaino@compumat.cl','e11170b8cbd2d74102651cb967fa28e5',1,0,'2019-08-13','2019-08-13 12:14:48'),
 ('jguzman',4,'LAB','Jorge Guzmán','tecnico@compumat.cl','e11170b8cbd2d74102651cb967fa28e5',0,1,'2019-07-01','2019-07-01 10:08:04'),
 ('jolivos',4,'LAB','Javier Olivos','jolivos@compumat.cl','e11170b8cbd2d74102651cb967fa28e5',0,1,'2019-06-30','2019-06-30 09:39:30'),
 ('jortiz',3,'LAB','José Ortiz','jortiz@compumat.cl','e11170b8cbd2d74102651cb967fa28e5',0,1,'2019-07-01','2019-07-01 10:05:57'),
 ('valenzuela',9,'PED','Paulina Valenzuela','pvalenzuela.compumat@gmail.com','e11170b8cbd2d74102651cb967fa28e5',0,1,'2019-08-13','2019-08-13 12:13:13');
/*!40000 ALTER TABLE `ED01_USUARIO` ENABLE KEYS */;


--
-- Definition of table `ED02_SOLICITUD`
--

DROP TABLE IF EXISTS `ED02_SOLICITUD`;
CREATE TABLE `ED02_SOLICITUD` (
  `ED02_SOLICITUDID` int(11) NOT NULL AUTO_INCREMENT,
  `SIS03_LABORATORIOID` varchar(50) DEFAULT NULL,
  `SIS04_PRODUCTOID` varchar(20) DEFAULT NULL,
  `ED02_FECHASOLICITUD` date DEFAULT NULL,
  `ED02_DETALLESOLICITUD` text,
  `ED02_ARCHIVOADJUNTO` longblob,
  `ED02_NOMBREARCHIVOADJUNTO` varchar(100) DEFAULT NULL,
  `ED02_TIPOARCHIVOADJUNTO` varchar(50) DEFAULT NULL,
  `ED02_NOMBRESOLICITANTE` varchar(100) DEFAULT NULL,
  `ED02_FECHAINGRESO` date DEFAULT NULL,
  `ED02_FECHAULTIMAACTUALIZACION` timestamp NOT NULL DEFAULT CURRENT_TIMESTAMP ON UPDATE CURRENT_TIMESTAMP,
  `ED02_ESTADO` varchar(50) DEFAULT NULL,
  `ED01_USUARIOID` varchar(50) NOT NULL,
  PRIMARY KEY (`ED02_SOLICITUDID`)
) ENGINE=InnoDB AUTO_INCREMENT=1696 DEFAULT CHARSET=latin1;

--
-- Dumping data for table `ED02_SOLICITUD`
--

/*!40000 ALTER TABLE `ED02_SOLICITUD` DISABLE KEYS */;
INSERT INTO `ED02_SOLICITUD` (`ED02_SOLICITUDID`,`SIS03_LABORATORIOID`,`SIS04_PRODUCTOID`,`ED02_FECHASOLICITUD`,`ED02_DETALLESOLICITUD`,`ED02_ARCHIVOADJUNTO`,`ED02_NOMBREARCHIVOADJUNTO`,`ED02_TIPOARCHIVOADJUNTO`,`ED02_NOMBRESOLICITANTE`,`ED02_FECHAINGRESO`,`ED02_FECHAULTIMAACTUALIZACION`,`ED02_ESTADO`,`ED01_USUARIOID`) VALUES 
 (1637,'10247','EMAT-INICIAL','2019-07-13','el detalle',0x2F6172636869766F735F75706C6F61642F6C6F67696E322E706466,'login2.pdf','application/pdf','José Alcaíno','2019-07-13','2019-07-13 21:06:55','DERIVADO','jalcaino'),
 (1638,'10669','EMAT-BASICA','2019-07-14','probando',0x2F6172636869766F735F75706C6F61642F6C6F67696E332E706466,'login3.pdf','application/pdf','ayanez','2019-07-14','2019-07-14 01:42:29','PENDIENTE','jalcaino'),
 (1639,'10010','EMAT-INICIAL','2019-07-04','dsdsdssd',0x2F6172636869766F735F75706C6F61642F7265706F72742D7175616C697461746976652D636F7665726167652D6F766572766965772D3034303532303139313132322E706466,'report-qualitative-coverage-overview-040520191122.pdf','application/pdf','ayanez','2019-07-14','2019-07-14 01:44:01','PENDIENTE','ayanez'),
 (1640,'10010','EMAT-INICIAL','2019-07-14','xdsdsds',0x2F6172636869766F735F75706C6F61642F616E6F6D616C6961735F63616D7061C3B161312E706E67,'anomalias_campaña1.png','image/png','ayanez','2019-07-14','2019-07-14 01:57:26','PENDIENTE','ayanez'),
 (1641,'10019','EMAT-INICIAL','2019-07-14','assaassa',0x2F6172636869766F735F75706C6F61642F646572697661725F696E69636964656E74652E706466,'derivar_inicidente.pdf','application/pdf','America Yañez','2019-07-14','2019-07-14 01:57:50','PENDIENTE','ayanez'),
 (1642,'10010','EMAT-MEDIA','2019-07-14','aslaslñasñlasñl',0x2F6172636869766F735F75706C6F61642F66696368615F636F6C6567696F322E706466,'ficha_colegio2.pdf','application/pdf','José Alcaíno','2019-07-14','2019-07-14 02:43:20','PENDIENTE','jalcaino'),
 (1643,'10010','EMAT-MEDIA','2019-07-14','aslaslñasñlasñl',0x2F6172636869766F735F75706C6F61642F66696368615F636F6C6567696F322E706466,'ficha_colegio2.pdf','application/pdf','José Alcaíno','2019-07-14','2019-07-14 02:45:22','PENDIENTE','jalcaino'),
 (1644,'10010','EMAT-MEDIA','2019-07-14','aslaslñasñlasñl',0x2F6172636869766F735F75706C6F61642F66696368615F636F6C6567696F322E706466,'ficha_colegio2.pdf','application/pdf','José Alcaíno','2019-07-14','2019-07-14 02:47:38','PENDIENTE','jalcaino'),
 (1645,'10010','EMAT-MEDIA','2019-07-14','aslaslñasñlasñl',0x2F6172636869766F735F75706C6F61642F66696368615F636F6C6567696F322E706466,'ficha_colegio2.pdf','application/pdf','José Alcaíno','2019-07-14','2019-07-14 02:48:19','PENDIENTE','jalcaino'),
 (1646,'10010','EMAT-MEDIA','2019-07-14','aslaslñasñlasñl',0x2F6172636869766F735F75706C6F61642F66696368615F636F6C6567696F322E706466,'ficha_colegio2.pdf','application/pdf','José Alcaíno','2019-07-14','2019-07-14 02:50:33','PENDIENTE','jalcaino'),
 (1647,'10010','EMAT-MEDIA','2019-07-14','aslaslñasñlasñl',0x2F6172636869766F735F75706C6F61642F66696368615F636F6C6567696F322E706466,'ficha_colegio2.pdf','application/pdf','José Alcaíno','2019-07-14','2019-07-14 02:53:33','PENDIENTE','jalcaino'),
 (1648,'10010','EMAT-MEDIA','2019-07-14','aslaslñasñlasñl',0x2F6172636869766F735F75706C6F61642F66696368615F636F6C6567696F322E706466,'ficha_colegio2.pdf','application/pdf','José Alcaíno','2019-07-14','2019-07-14 02:54:53','PENDIENTE','jalcaino'),
 (1649,'10010','EMAT-MEDIA','2019-07-14','aslaslñasñlasñl',0x2F6172636869766F735F75706C6F61642F66696368615F636F6C6567696F322E706466,'ficha_colegio2.pdf','application/pdf','José Alcaíno','2019-07-14','2019-07-14 02:55:27','PENDIENTE','jalcaino'),
 (1650,'10010','EMAT-MEDIA','2019-07-14','aslaslñasñlasñl',0x2F6172636869766F735F75706C6F61642F66696368615F636F6C6567696F322E706466,'ficha_colegio2.pdf','application/pdf','José Alcaíno','2019-07-14','2019-07-14 02:55:54','PENDIENTE','jalcaino'),
 (1651,'10010','EMAT-MEDIA','2019-07-14','aslaslñasñlasñl',0x2F6172636869766F735F75706C6F61642F66696368615F636F6C6567696F322E706466,'ficha_colegio2.pdf','application/pdf','José Alcaíno','2019-07-14','2019-07-14 03:03:15','PENDIENTE','jalcaino'),
 (1652,'10010','EMAT-MEDIA','2019-07-14','aslaslñasñlasñl',0x2F6172636869766F735F75706C6F61642F66696368615F636F6C6567696F322E706466,'ficha_colegio2.pdf','application/pdf','José Alcaíno','2019-07-14','2019-07-14 03:08:57','PENDIENTE','jalcaino'),
 (1653,'10010','EMAT-MEDIA','2019-07-14','aslaslñasñlasñl',0x2F6172636869766F735F75706C6F61642F66696368615F636F6C6567696F322E706466,'ficha_colegio2.pdf','application/pdf','José Alcaíno','2019-07-14','2019-07-14 03:10:46','PENDIENTE','jalcaino'),
 (1654,'10010','EMAT-MEDIA','2019-07-14','aslaslñasñlasñl',0x2F6172636869766F735F75706C6F61642F66696368615F636F6C6567696F322E706466,'ficha_colegio2.pdf','application/pdf','José Alcaíno','2019-07-14','2019-07-14 03:17:32','PENDIENTE','jalcaino'),
 (1655,'10010','EMAT-MEDIA','2019-07-14','aslaslñasñlasñl',0x2F6172636869766F735F75706C6F61642F66696368615F636F6C6567696F322E706466,'ficha_colegio2.pdf','application/pdf','José Alcaíno','2019-07-14','2019-07-14 03:18:21','PENDIENTE','jalcaino'),
 (1656,'10769','EMAT-MEDIA','2019-07-14','aslaslñasñlasñl',0x2F6172636869766F735F75706C6F61642F66696368615F636F6C6567696F322E706466,'ficha_colegio2.pdf','application/pdf','José Alcaíno','2019-07-14','2019-07-14 03:18:53','PENDIENTE','jalcaino'),
 (1657,'10769','EMAT-MEDIA','2019-07-14','aslaslñasñlasñl',0x2F6172636869766F735F75706C6F61642F66696368615F636F6C6567696F322E706466,'ficha_colegio2.pdf','application/pdf','José Alcaíno','2019-07-14','2019-07-14 03:29:15','PENDIENTE','jalcaino'),
 (1658,'10769','EMAT-MEDIA','2019-07-14','aslaslñasñlasñl',0x2F6172636869766F735F75706C6F61642F66696368615F636F6C6567696F322E706466,'ficha_colegio2.pdf','application/pdf','José Alcaíno','2019-07-14','2019-07-14 03:31:52','PENDIENTE','jalcaino'),
 (1659,'10769','EMAT-MEDIA','2019-07-14','aslaslñasñlasñl',0x2F6172636869766F735F75706C6F61642F66696368615F636F6C6567696F322E706466,'ficha_colegio2.pdf','application/pdf','José Alcaíno','2019-07-14','2019-07-14 03:35:23','PENDIENTE','jalcaino'),
 (1660,'10769','EMAT-MEDIA','2019-07-14','aslaslñasñlasñl',0x2F6172636869766F735F75706C6F61642F66696368615F636F6C6567696F322E706466,'ficha_colegio2.pdf','application/pdf','José Alcaíno','2019-07-14','2019-07-14 03:36:08','PENDIENTE','jalcaino'),
 (1661,'10769','EMAT-MEDIA','2019-07-14','aslaslñasñlasñl',0x2F6172636869766F735F75706C6F61642F66696368615F636F6C6567696F322E706466,'ficha_colegio2.pdf','application/pdf','José Alcaíno','2019-07-14','2019-07-14 03:38:21','PENDIENTE','jalcaino'),
 (1662,'10769','EMAT-MEDIA','2019-07-14','aslaslñasñlasñl',0x2F6172636869766F735F75706C6F61642F66696368615F636F6C6567696F322E706466,'ficha_colegio2.pdf','application/pdf','José Alcaíno','2019-07-14','2019-07-14 03:39:16','PENDIENTE','jalcaino'),
 (1663,'10769','EMAT-INICIAL','2019-07-14','probando EDESK',0x2F6172636869766F735F75706C6F61642F6C6F67696E2E706466,'login.pdf','application/pdf','José Alcaíno','2019-07-14','2019-07-14 04:00:41','PENDIENTE','jalcaino'),
 (1664,'10265','EMAT-BASICA','2019-07-14','probando solicitud',0x2F6172636869766F735F75706C6F61642F66696368615F636F6C6567696F322E706466,'ficha_colegio2.pdf','application/pdf','José Alcaíno','2019-07-14','2019-07-14 04:02:14','PENDIENTE','jalcaino'),
 (1665,'10265','EMAT-BASICA','2019-07-14','probando solicitud',0x2F6172636869766F735F75706C6F61642F66696368615F636F6C6567696F322E706466,'ficha_colegio2.pdf','application/pdf','José Alcaíno','2019-07-14','2019-07-14 04:08:28','PENDIENTE','jalcaino'),
 (1666,'10010','EMAT-INICIAL','2019-07-14','assasa',NULL,NULL,NULL,'José Alcaíno','2019-07-14','2019-07-14 04:08:59','PENDIENTE','jalcaino'),
 (1667,'10836','EMAT-BASICA','2019-07-31','assasa',NULL,NULL,NULL,'José Alcaíno','2019-07-14','2019-07-14 04:10:34','PENDIENTE','jalcaino'),
 (1668,'10836','EMAT-BASICA','2019-07-31','assasa',NULL,NULL,NULL,'José Alcaíno','2019-07-14','2019-07-14 04:13:14','PENDIENTE','jalcaino'),
 (1669,'10669','EMAT-MEDIA','2019-07-14','el detalle',NULL,NULL,NULL,'José Alcaíno','2019-07-14','2019-07-14 04:14:00','PENDIENTE','jalcaino'),
 (1670,'10669','EMAT-MEDIA','2019-07-14','el detalle',NULL,NULL,NULL,'José Alcaíno','2019-07-14','2019-07-14 04:17:06','PENDIENTE','jalcaino'),
 (1671,'10669','EMAT-MEDIA','2019-07-14','el detalle',NULL,NULL,NULL,'José Alcaíno','2019-07-14','2019-07-14 04:21:06','PENDIENTE','jalcaino'),
 (1672,'10669','EMAT-MEDIA','2019-07-14','el detalle',NULL,NULL,NULL,'José Alcaíno','2019-07-14','2019-07-14 04:22:07','PENDIENTE','jalcaino'),
 (1673,'10837','EMAT-INICIAL','2019-07-14','probando edesk',0x2F6172636869766F735F75706C6F61642F6C6F67696E2E706466,'login.pdf','application/pdf','José Alcaíno','2019-07-14','2019-07-14 04:23:06','PENDIENTE','jalcaino'),
 (1674,'10010','EMAT-MEDIA','2019-07-16','probando edesk',NULL,NULL,NULL,'José Alcaíno','2019-07-14','2019-07-14 04:25:26','PENDIENTE','jalcaino'),
 (1675,'1000','EMAT-PSU','2019-07-15','probando edesk',NULL,NULL,NULL,'José Alcaíno','2019-07-14','2019-07-14 08:50:45','PENDIENTE','jalcaino'),
 (1676,'1000','EMAT-PSU','2019-07-15','probando edesk',NULL,NULL,NULL,'José Alcaíno','2019-07-14','2019-07-14 09:05:54','PENDIENTE','jalcaino'),
 (1677,'1000','EMAT-PSU','2019-07-15','probando edesk',NULL,NULL,NULL,'José Alcaíno','2019-07-14','2019-07-14 09:06:55','PENDIENTE','jalcaino'),
 (1678,'1000','EMAT-PSU','2019-07-15','probando edesk',NULL,NULL,NULL,'José Alcaíno','2019-07-14','2019-07-14 09:08:09','PENDIENTE','jalcaino'),
 (1679,'10247','EMAT-INICIAL','2019-07-14','el detalle solicitud',NULL,NULL,NULL,'José Alcaíno','2019-07-14','2019-07-14 09:17:49','PENDIENTE','jalcaino'),
 (1680,'10019','EMAT-INICIAL','2019-07-14','prueba',0x2F6172636869766F735F75706C6F61642F68756E647265642E646F6378,'hundred.docx','application/vnd.openxmlformats-officedocument.word','America Yañez','2019-07-14','2019-08-16 09:01:39','DERIVADO','ayanez'),
 (1681,'10247','EMAT-INICIAL','2019-07-14','prueba\r\nprobando2',0x2F6172636869766F735F75706C6F61642F68756E647265642E646F6378,'hundred.docx','application/vnd.openxmlformats-officedocument.word','ayanez','2019-07-14','2019-07-28 22:25:03','RESUELTO','ayanez'),
 (1682,'10010','EMAT-INICIAL','2019-07-15','solicitud detalle 1\r\ndsdssdsd',0x2F6172636869766F735F75706C6F61642F6C6F67696E2E706466,'login.pdf','application/pdf','jalcaino','2019-07-15','2019-07-28 22:16:45','MEJORA-FUTURA','jalcaino'),
 (1683,'100','EMAT-MEDIA','2019-07-29','el detalle 1',0x2F6172636869766F735F75706C6F61642F6C6F67696E322E706466,'login2.pdf','application/pdf','jalcaino','2019-07-28','2019-07-28 15:07:05','DERIVADO','jalcaino'),
 (1684,'13637','EMAT-MEDIA','2019-07-28','kldskldskldskl',0x2F6172636869766F735F75706C6F61642F6C6F67696E2E706466,'login.pdf','application/pdf','jalcaino','2019-07-28','2019-07-28 20:37:58','RESUELTO','jalcaino'),
 (1685,'1000','EMAT-BASICA','2019-07-29','solicitud 1',0x2F6172636869766F735F75706C6F61642F656A656D706C6F2E70707478,'ejemplo.pptx','application/vnd.openxmlformats-officedocument.pres','José Alcaíno','2019-07-29','2019-08-16 08:59:46','DERIVADO','jalcaino'),
 (1686,'1000','EMAT-PSU','2019-07-29','solicitud 1',0x2F6172636869766F735F75706C6F61642F656A656D706C6F2E70707478,'ejemplo.pptx','application/vnd.openxmlformats-officedocument.pres','jalcaino','2019-08-12','2019-08-13 16:22:04','DERIVADO','jalcaino'),
 (1687,'1000','EMAT-BASICA','2019-07-29','solicitud 1',0x2F6172636869766F735F75706C6F61642F656A656D706C6F2E70707478,'ejemplo.pptx','application/vnd.openxmlformats-officedocument.pres','José Alcaíno','2019-07-29','2019-08-08 22:18:39','DERIVADO','jalcaino'),
 (1688,'1000','EMAT-BASICA','2019-07-29','solicitud 1',0x2F6172636869766F735F75706C6F61642F656A656D706C6F2E70707478,'ejemplo.pptx','application/vnd.openxmlformats-officedocument.pres','José Alcaíno','2019-07-29','2019-07-29 19:39:54','RESUELTO','jalcaino'),
 (1689,'1000','EMAT-BASICA','2019-07-29','solicitud 1',0x2F6172636869766F735F75706C6F61642F656A656D706C6F2E70707478,'ejemplo.pptx','application/vnd.openxmlformats-officedocument.pres','José Alcaíno','2019-07-29','2019-07-30 10:59:08','RESUELTO','jalcaino'),
 (1690,'10019','EMAT-INICIAL','2019-07-05','probando2',0x2F6172636869766F735F75706C6F61642F66696368615F70726F647563746F2E70707478,'ficha_producto.pptx','application/vnd.openxmlformats-officedocument.pres','José Alcaíno','2019-07-29','2019-07-29 19:34:08','RESUELTO','jalcaino'),
 (1691,'10669','EMAT-BASICA','2019-08-08','Hay un problema con un módulo favor contactar',NULL,NULL,NULL,'America Yañez','2019-08-08','2019-08-08 22:08:43','DERIVADO','ayanez'),
 (1692,'16549','EMAT-INICIAL','2019-08-14','hjdshjdsjhsd\nsddsghdshgdsgh\nsdsddskjsdkjdskjsdkj\n',NULL,NULL,NULL,'America Yañez','2019-08-13','2019-08-13 10:16:30','DERIVADO','ayanez'),
 (1693,'8933','EMAT-BASICA','2019-08-13','Buenas tardes eduardo, por favor chequear el siguiente ejercicio ya que el encargado de laboratorio de providencia envió el siguiente comentario.\n\nEn la actividad de cuarto basico que tiene codigo mca2 el ejercicio 17 hay que transformar minutos a horas 120 minutos= 2 horas 00 minutos, la respuesta la considera mala ya que los minutos deben ir con un sólo cero.  En otros casos con un cero lo considera malo.  Unificar criterio porfa',NULL,NULL,NULL,'Gabriela Piaggio','2019-08-13','2019-08-13 13:40:18','DERIVADO','gpiaggio'),
 (1694,'9158','EMAT-BASICA','2019-08-14','Tutor reporta puntaje 1 y mensaje \"infinity\"',NULL,NULL,NULL,'Gabriela Piaggio','2019-08-14','2019-08-16 08:57:21','DERIVADO','gpiaggio'),
 (1695,'10019','EMAT-BASICA','2019-08-17','el detalle\r\nesta es el problema\r\nproblema 2',0x2F6172636869766F735F75706C6F61642F6C616D696E615F615F7265656D706C617A61722E70707478,'lamina_a_reemplazar.pptx','application/vnd.openxmlformats-officedocument.pres','jalcaino','2019-08-17','2019-08-17 19:53:29','DERIVADO','jalcaino');
/*!40000 ALTER TABLE `ED02_SOLICITUD` ENABLE KEYS */;


--
-- Definition of table `ED03_TICKET`
--

DROP TABLE IF EXISTS `ED03_TICKET`;
CREATE TABLE `ED03_TICKET` (
  `ED03_TICKETID` int(11) NOT NULL AUTO_INCREMENT,
  `SIS03_LABORATORIOID` varchar(50) DEFAULT NULL,
  `SIS04_PRODUCTOID` varchar(20) DEFAULT NULL,
  `ED03_FECHATICKET` date DEFAULT NULL,
  `ED03_NOMBRESOLICITANTE` varchar(100) DEFAULT NULL,
  `ED03_TELEFONOSOLICITANTE` varchar(50) DEFAULT NULL,
  `ED03_EMAILSOLICITANTE` varchar(100) DEFAULT NULL,
  `ED03_PRIORIDAD` int(11) DEFAULT NULL,
  `ED03_DETALLETICKET` text,
  `ED03_TIPOCONTACTO` varchar(50) DEFAULT NULL,
  `ED03_NIVELSOPORTE` varchar(50) DEFAULT NULL,
  `SIS07_CLASIFICADORID` int(11) NOT NULL,
  `ED03_ARCHIVOADJUNTO` longblob,
  `ED03_NOMBREARCHIVOADJUNTO` varchar(100) DEFAULT NULL,
  `ED03_TIPOARCHIVOADJUNTO` varchar(50) DEFAULT NULL,
  `ED03_NUMALUMNOSAFECTADOS` int(11) DEFAULT NULL,
  `ED03_NIVELDELPROGRAMA` varchar(50) DEFAULT NULL,
  `SIS05_CODIGOMODULO` varchar(50) NOT NULL,
  `ED03_NUMEJERCICIO` int(11) DEFAULT NULL,
  `ED03_ESTADO` varchar(50) DEFAULT NULL,
  `ED03_FECHAULTIMAACTUALIZACION` timestamp NOT NULL DEFAULT CURRENT_TIMESTAMP ON UPDATE CURRENT_TIMESTAMP,
  `ED01_USUARIOID` varchar(50) NOT NULL,
  `ED03_DERIVADO` varchar(50) DEFAULT NULL,
  `SIS01_SECTORID` varchar(50) DEFAULT NULL,
  `ED03_PARA_APLICAR_EN_PAQUETE` int(11) DEFAULT '0',
  `ED03_APLICADO_EN_PAQUETE` int(11) DEFAULT '0',
  `ED03_TECNOLOGIA` varchar(45) DEFAULT NULL,
  `ED03_GESTION_INMEDIATA` text,
  PRIMARY KEY (`ED03_TICKETID`)
) ENGINE=InnoDB AUTO_INCREMENT=7671 DEFAULT CHARSET=latin1;

--
-- Dumping data for table `ED03_TICKET`
--

/*!40000 ALTER TABLE `ED03_TICKET` DISABLE KEYS */;
INSERT INTO `ED03_TICKET` (`ED03_TICKETID`,`SIS03_LABORATORIOID`,`SIS04_PRODUCTOID`,`ED03_FECHATICKET`,`ED03_NOMBRESOLICITANTE`,`ED03_TELEFONOSOLICITANTE`,`ED03_EMAILSOLICITANTE`,`ED03_PRIORIDAD`,`ED03_DETALLETICKET`,`ED03_TIPOCONTACTO`,`ED03_NIVELSOPORTE`,`SIS07_CLASIFICADORID`,`ED03_ARCHIVOADJUNTO`,`ED03_NOMBREARCHIVOADJUNTO`,`ED03_TIPOARCHIVOADJUNTO`,`ED03_NUMALUMNOSAFECTADOS`,`ED03_NIVELDELPROGRAMA`,`SIS05_CODIGOMODULO`,`ED03_NUMEJERCICIO`,`ED03_ESTADO`,`ED03_FECHAULTIMAACTUALIZACION`,`ED01_USUARIOID`,`ED03_DERIVADO`,`SIS01_SECTORID`,`ED03_PARA_APLICAR_EN_PAQUETE`,`ED03_APLICADO_EN_PAQUETE`,`ED03_TECNOLOGIA`,`ED03_GESTION_INMEDIATA`) VALUES 
 (7644,'10247','EMAT-INICIAL','2019-07-13','José Alcaíno','6766776','lolo@lolo.cl',1,'el detalle','CHAT','1',143,0x2F6172636869766F735F75706C6F61642F7265706F72742D7175616C697461746976652D636F7665726167652D6F766572766965772D3034303532303139313133382E706466,'report-qualitative-coverage-overview-040520191138.pdf','application/pdf',1,'1 BASICO','CUA2',1,'DERIVADO','2019-07-28 08:41:58','jalcaino','aaedo','INF',0,0,NULL,NULL),
 (7645,'13637','EMAT-BASICA','2019-07-13','jjkjkjk','jjjjkkjkj','lolo.lolo@lolo.cl',1,'qwwqwq\r\nqwqwwq\r\n','CHAT','1',141,NULL,NULL,NULL,0,'1 BASICO','',0,'DERIVADO','2019-07-13 21:09:22','jalcaino','',NULL,0,0,NULL,NULL),
 (7646,'10162','EMAT-INICIAL','2019-07-14','Luis Paredes','6666666','lparedes@sonda.cl',0,'hay un probela en el ejercicio','EMAIL','1',125,0x2F6172636869766F735F75706C6F61642F66696368615F636F6C6567696F322E706466,'ficha_colegio2.pdf','application/pdf',10,'8 BASICO','CUA3',10,'DERIVADO','2019-07-14 12:57:20','jalcaino','isegovia','INF',0,0,NULL,NULL),
 (7647,'10010','EMAT-BASICA','2019-07-15','nombre 1','87878787','lolo@lolo.cl',1,'el detalle','CHAT','1',142,0x2F6172636869766F735F75706C6F61642F6C6F67696E322E706466,'login2.pdf','application/pdf',10,'1 BASICO','DMA1',10,'PENDIENTE','2019-07-15 01:09:51','jalcaino','isegovia','INF',0,0,NULL,NULL),
 (7649,'10010','EMAT-BASICA','2019-07-15','nombre 1','87878787','lolo@lolo.cl',1,'el detalle','CHAT','1',142,0x2F6172636869766F735F75706C6F61642F6C6F67696E322E706466,'login2.pdf','application/pdf',10,'1 BASICO','DMA1',10,'GESTIONADO','2019-08-14 10:05:34','jalcaino','isegovia','INF',0,0,'OTRA',NULL),
 (7650,'10010','EMAT-BASICA','2019-07-15','nombre 1','87878787','lolo@lolo.cl',1,'el detalle','CHAT','1',142,0x2F6172636869766F735F75706C6F61642F6C6F67696E322E706466,'login2.pdf','application/pdf',10,'1 BASICO','DMA1',10,'GESTIONADO','2019-08-18 11:15:26','jalcaino','isegovia','INF',0,0,'MATERIALES',NULL),
 (7651,'25475','EMAT-BASICA','2019-07-15','jsddsjk','11111','lolo@lolo.cl',1,'klsklasks\nsd','CHAT','1',141,0x2F6172636869766F735F75706C6F61642F66696368615F636F6C6567696F2E706466,'ficha_colegio.pdf','application/pdf',0,'1 BASICO','K1A2',10,'MEJORA-FUTURA','2019-08-13 04:31:36','jalcaino','valenzuela','PED',0,0,'ETEST',NULL),
 (7652,'100','EMAT-MEDIA','2019-07-01','jalcaino','','lolo@lolo.cl',1,'el detalle 1','CHAT','1',142,NULL,NULL,NULL,0,'1 BASICO','',0,'PENDIENTE','2019-07-28 09:41:49','jalcaino','aaedo','INF',0,0,NULL,NULL),
 (7653,'13637','EMAT-MEDIA','2019-07-28','jalcaino','899888998','lolo@lolo.cl',1,'kldskldskldskl','CHAT','1',125,NULL,NULL,NULL,0,'1 BASICO','',0,'RESUELTO','2019-07-28 08:34:14','jalcaino','aaedo','INF',0,0,NULL,NULL),
 (7654,'10247','EMAT-BASICA','2019-07-28','el nombre','73302130','lolo@lolo.cl',0,'ewre\r\n\r\nererer\r\n','CHAT','1',141,NULL,NULL,NULL,0,'1 BASICO','',0,'PENDIENTE','2019-08-17 11:25:33','jalcaino','aaedo','INF',0,0,NULL,''),
 (7655,'10019','EMAT-BASICA','2019-07-24','iioiioio','ioioioio','lolo@lolo.cl',1,'wweew\r\newewew\r\nkjkjjkjk','CHAT','1',149,NULL,NULL,NULL,10,'2 BASICO','4012019S',9,'RESUELTO','2019-07-28 09:53:09','jalcaino','aaedo','INF',0,0,NULL,NULL),
 (7656,'10010','EMAT-INICIAL','2019-07-28','jalcaino','90099009','lolo@lolo.cl',1,'solicitud detalle 1\r\ndsdssdsd','CHAT','1',125,NULL,NULL,NULL,0,'1 BASICO','',0,'MEJORA-FUTURA','2019-07-28 22:16:45','jalcaino','aaedo','INF',0,0,NULL,NULL),
 (7657,'1000','EMAT-BASICA','2019-07-29','José Alcaíno','665555','lolo@lolo.cl',1,'solicitud 1','CHAT','1',141,0x2F6172636869766F735F75706C6F61642F66696368615F656D61746C6F63616C2E70707478,'ficha_ematlocal.pptx','application/vnd.openxmlformats-officedocument.pres',1,'3 BASICO','4012019S',2,'RESUELTO','2019-07-30 10:55:22','jalcaino','aaedo','INF',1,0,'TOOLBOOK',NULL),
 (7658,'10019','EMAT-INICIAL','2019-07-29','José Alcaíno','1222','lolo@lolo.cl',1,'probando2','CHAT','1',141,0x2F6172636869766F735F75706C6F61642F66696368615F70726F647563746F2E70707478,'ficha_producto.pptx','application/vnd.openxmlformats-officedocument.pres',1,'1 BASICO','4022019S',1,'RESUELTO','2019-07-29 07:30:23','jalcaino','aaedo','INF',0,0,NULL,NULL),
 (7659,'10669','EMAT-BASICA','2019-08-08','America Yañez','7887787887','lolo@lolo.cl',1,'Hay un problema con un módulo favor contactar','CHAT','1',142,NULL,NULL,NULL,1,'1 BASICO','C8A2',100,'DERIVADO','2019-08-08 22:13:06','jortiz','aaedo','INF',0,0,'MATERIALES',NULL),
 (7660,'1000','EMAT-BASICA','2019-08-08','José Alcaíno','787787','lolo@lolo.cl',1,'solicitud 1','CHAT','1',125,NULL,NULL,NULL,0,'1 BASICO','100',1,'GESTIONADO','2019-08-14 15:16:59','jortiz','aaedo','INF',0,0,'TOOLBOOK',NULL),
 (7661,'10010','EMAT-BASICA','2019-08-12','8uiui','uiuiui','iuuuiui@lolo.cl',1,'jkjkjkjk\r\nnhjjhjh','CHAT','1',143,NULL,NULL,NULL,0,'1 BASICO','',0,'DERIVADO','2019-08-13 10:29:40','jalcaino','aaedo','INF',0,0,NULL,NULL),
 (7662,'1000','EMAT-BASICA','2019-08-12','uuiiu','iuuuiiuiu','',1,'dsdsddds\r\ndsdsds\r\n','CHAT','1',132,NULL,NULL,NULL,0,'1 BASICO','',0,'GESTIONADO','2019-08-14 10:03:04','jalcaino','aaedo','INF',1,0,'TOOLBOOK',NULL),
 (7663,'16549','EMAT-INICIAL','2019-08-14','America Yañez','','',1,'hjdshjdsjhsd\nsddsghdshgdsgh\nsdsddskjsdkjdskjsdkj\n','CHAT','1',146,NULL,NULL,NULL,0,'1 BASICO','',0,'DERIVADO','2019-08-13 10:21:30','emartinez','pvalenzuel','PED',0,0,'MATERIALES',NULL),
 (7664,'8933','EMAT-BASICA','2019-08-13','Gabriela Piaggio','','',0,'Buenas tardes eduardo, por favor chequear el siguiente ejercicio ya que el encargado de laboratorio de providencia envió el siguiente comentario.\n\nEn la actividad de cuarto basico que tiene codigo mca2 el ejercicio 17 hay que transformar minutos a horas 120 minutos= 2 horas 00 minutos, la respuesta la considera mala ya que los minutos deben ir con un sólo cero.  En otros casos con un cero lo considera malo.  Unificar criterio porfa','EMAIL','1',143,NULL,NULL,NULL,0,'4 BASICO','MCA2',17,'DERIVADO','2019-08-13 01:36:11','emartinez','valenzuela','PED',0,0,NULL,NULL),
 (7665,'1000','EMAT-PSU','2019-07-29','jalcaino','','ana.aguero@compumat.cl',1,'solicitud 1 prueba de usuario ANA ','EMAIL','2',112,NULL,NULL,NULL,5,'2 BASICO','B5A3',2,'GESTIONADO','2019-08-13 16:26:01','aaguero','valenzuela','PED',0,0,'MATERIALES',NULL),
 (7666,'9158','EMAT-BASICA','2019-08-14','Gabriela Piaggio','','',1,'Tutor reporta puntaje 1 y mensaje \"infinity\"','CHAT','2',110,NULL,NULL,NULL,0,'1 BASICO','',0,'DERIVADO','2019-08-16 08:53:09','emartinez','aaedo','INF',0,0,NULL,NULL),
 (7667,'1000','EMAT-BASICA','2019-07-29','José Alcaíno','','',1,'solicitud 1','CHAT','1',143,NULL,NULL,NULL,0,'1 BASICO','',0,'DERIVADO','2019-08-16 08:55:34','emartinez','valenzuela','PED',0,0,NULL,NULL),
 (7668,'10019','EMAT-INICIAL','2019-07-14','America Yañez','','',0,'prueba','TELEFONO','1',152,NULL,NULL,NULL,0,'1 BASICO','',0,'DERIVADO','2019-08-16 08:57:28','emartinez','gpiaggio','SAC',0,0,NULL,NULL),
 (7669,'9250','EMAT-BASICA','2019-08-07','Pedro','','',1,'Indica que el estudiante rut 23393022-9 tienes problemas en su recorrido y en los demás estudiantes aparece una pantalla en negro y a veces no pueden acceder a su cuenta\n','CHAT','1',125,NULL,NULL,NULL,0,'1 BASICO','',0,'RESUELTO','2019-08-16 03:08:13','emartinez','aaguero','LAB',0,0,'MATERIALES',NULL),
 (7670,'10019','EMAT-BASICA','2019-08-17','jalcaino','','lolo@lolo.cl',0,'el detalle\r\nesta es el problema\r\nproblema 2','INTERNO','1',141,NULL,NULL,NULL,0,'3 BASICO','CFA9',0,'DERIVADO','2019-08-18 09:16:30','jalcaino','isegovia','INF',0,0,'MATERIALES','Se gestionó cambio de colegio11111');
/*!40000 ALTER TABLE `ED03_TICKET` ENABLE KEYS */;


--
-- Definition of table `ED04_SEGUIMIENTO_TICKET`
--

DROP TABLE IF EXISTS `ED04_SEGUIMIENTO_TICKET`;
CREATE TABLE `ED04_SEGUIMIENTO_TICKET` (
  `ED04_SEGTICKETID` int(11) NOT NULL AUTO_INCREMENT,
  `ED03_TICKETID` int(11) DEFAULT NULL,
  `ED01_USUARIOID` varchar(50) NOT NULL,
  `ED04_SEGFECHA` date DEFAULT NULL,
  `ED04_SEGCOMENTARIOS` text,
  `ED04_ARCHIVOADJUNTO` longblob,
  `ED04_NOMBREARCHIVOADJUNTO` varchar(100) DEFAULT NULL,
  `ED04_TIPOARCHIVOADJUNTO` varchar(50) DEFAULT NULL,
  `ED04_FECHAULTIMAACTUALIZACION` timestamp NOT NULL DEFAULT CURRENT_TIMESTAMP ON UPDATE CURRENT_TIMESTAMP,
  `ED04_REGISTRODETALLECAMBIO` text,
  PRIMARY KEY (`ED04_SEGTICKETID`)
) ENGINE=InnoDB AUTO_INCREMENT=15604 DEFAULT CHARSET=latin1;

--
-- Dumping data for table `ED04_SEGUIMIENTO_TICKET`
--

/*!40000 ALTER TABLE `ED04_SEGUIMIENTO_TICKET` DISABLE KEYS */;
INSERT INTO `ED04_SEGUIMIENTO_TICKET` (`ED04_SEGTICKETID`,`ED03_TICKETID`,`ED01_USUARIOID`,`ED04_SEGFECHA`,`ED04_SEGCOMENTARIOS`,`ED04_ARCHIVOADJUNTO`,`ED04_NOMBREARCHIVOADJUNTO`,`ED04_TIPOARCHIVOADJUNTO`,`ED04_FECHAULTIMAACTUALIZACION`,`ED04_REGISTRODETALLECAMBIO`) VALUES 
 (15578,7651,'jalcaino','2019-07-15','sas\r\nasassa',0x2F6172636869766F735F75706C6F61642F66696368615F636F6C6567696F2E706466,'ficha_colegio.pdf','application/pdf','2019-07-15 02:01:41','Usuario introduce comentarios de incidente'),
 (15579,7644,'jalcaino','2019-07-28','sakskldklds\r\ndsdssd',0x2F6172636869766F735F75706C6F61642F7265706F72742D7175616C697461746976652D636F7665726167652D6F766572766965772D3034303532303139313133332E706466,'report-qualitative-coverage-overview-040520191133.pdf','application/pdf','2019-07-28 08:36:31','Usuario introduce comentarios de incidente'),
 (15580,7644,'jalcaino','2019-07-28','dsds\r\ndsds',0x2F6172636869766F735F75706C6F61642F646572697661725F696E69636964656E7465332E706466,'derivar_inicidente3.pdf','application/pdf','2019-07-28 08:38:12','Usuario introduce comentarios de incidente<br>Incidente queda en estado gestionado'),
 (15581,7656,'jalcaino','2019-07-28','fffff',0x2F6172636869766F735F75706C6F61642F7265706F72742D7175616C697461746976652D636F7665726167652D6F766572766965772D3034303532303139313133332E706466,'report-qualitative-coverage-overview-040520191133.pdf','application/pdf','2019-07-28 10:05:24','Usuario introduce comentarios de incidente<br>Incidente queda en estado gestionado'),
 (15582,7656,'jalcaino','2019-07-05','lñlññl',0x2F6172636869766F735F75706C6F61642F7265706F72742D7175616C697461746976652D636F7665726167652D6F766572766965772D3034303532303139313133332E706466,'report-qualitative-coverage-overview-040520191133.pdf','application/pdf','2019-07-28 10:06:09','Usuario introduce comentarios de incidente<br>Incidente queda en estado gestionado'),
 (15583,7658,'aaedo','2019-07-29','11111',0x2F6172636869766F735F75706C6F61642F656A656D706C6F2E70707478,'ejemplo.pptx','application/vnd.openxmlformats-officedocument.pres','2019-07-29 07:24:54','Usuario introduce comentarios de incidente'),
 (15584,7658,'aaedo','2019-07-30','ASDDS',0x2F6172636869766F735F75706C6F61642F66696368615F6D65736161797564612E70707478,'ficha_mesaayuda.pptx','application/vnd.openxmlformats-officedocument.pres','2019-07-29 07:25:44','Usuario introduce comentarios de incidente'),
 (15585,7658,'aaedo','2019-07-29','1111\r\n1111\r\n',0x2F6172636869766F735F75706C6F61642F66696368615F70726F647563746F2E70707478,'ficha_producto.pptx','application/vnd.openxmlformats-officedocument.pres','2019-07-29 07:28:21','Usuario introduce comentarios de incidente<br>Incidente queda en estado gestionado'),
 (15586,7657,'aaguero','2019-07-29','ffgfg',NULL,NULL,NULL,'2019-07-29 08:02:11','Usuario introduce comentarios de incidente<br>Se actualiza tecnolog?a y si va en pr?ximo paquete la mejora'),
 (15587,7657,'aaguero','2019-07-29','nbhh\r\nfdgf\r\nfggffg',NULL,NULL,NULL,'2019-07-29 08:04:28','Usuario introduce comentarios de incidente<br>Incidente queda en estado gestionado'),
 (15588,7651,'aaguero','2019-07-29','gfgfsd\r\ndsdsds\r\n',0x2F6172636869766F735F75706C6F61642F66696368615F6D65736161797564612E70707478,'ficha_mesaayuda.pptx','application/vnd.openxmlformats-officedocument.pres','2019-07-29 08:05:40','Usuario introduce comentarios de incidente<br>Se actualiza tecnolog?a y si va en pr?ximo paquete la mejora'),
 (15589,7651,'aaguero','2019-07-29','ffdfd\r\n\r\nfdfd',NULL,NULL,NULL,'2019-07-29 08:06:44','Usuario introduce comentarios de incidente<br>Incidente queda en estado gestionado'),
 (15590,7650,'aaguero','2019-07-30','kjhhjhjhjk\njhhjhgjjhg\n',NULL,NULL,NULL,'2019-07-30 10:53:38','Usuario introduce comentarios de incidente<br>Incidente queda en estado gestionado'),
 (15591,7659,'aaedo','2019-08-08','trabajé un rato',NULL,NULL,NULL,'2019-08-08 10:09:06','Usuario introduce comentarios de incidente<br>Se actualiza tecnolog?a y si va en pr?ximo paquete la mejora'),
 (15592,7663,'pvalenzuel','2019-08-13','revisamos el ejercicio, se cambio en desarrollo, producción',NULL,NULL,NULL,'2019-08-13 10:17:23','Usuario introduce comentarios de incidente<br>Se actualiza tecnolog?a y si va en pr?ximo paquete la mejora'),
 (15593,7665,'valenzuela','2019-08-13','DERIVARÉ A LA ALE',NULL,NULL,NULL,'2019-08-13 04:19:55','Usuario introduce comentarios de incidente<br>Se actualiza tecnolog?a y si va en pr?ximo paquete la mejora'),
 (15594,7665,'valenzuela','2019-08-13','prueba resuelto',NULL,NULL,NULL,'2019-08-13 04:21:53','Usuario introduce comentarios de incidente<br>Incidente queda en estado gestionado'),
 (15595,7662,'aaedo','2019-08-14','xzvzfva',NULL,NULL,NULL,'2019-08-14 09:46:42','Usuario introduce comentarios de incidente<br>Se actualiza tecnolog?a y si va en pr?ximo paquete la mejora'),
 (15596,7660,'aaedo','2019-08-14','bjkhlhkl',NULL,NULL,NULL,'2019-08-14 09:50:54','Usuario introduce comentarios de incidente<br>Se actualiza tecnolog?a y si va en pr?ximo paquete la mejora'),
 (15597,7662,'aaedo','2019-08-14','fbhdzshbdxshrt',NULL,NULL,NULL,'2019-08-14 09:58:55','Usuario introduce comentarios de incidente<br>Incidente queda en estado gestionado'),
 (15598,7649,'aaedo','2019-08-14','735785468ihjfuymkv guykojnm kg mk ',NULL,NULL,NULL,'2019-08-14 10:01:26','Usuario introduce comentarios de incidente<br>Incidente queda en estado gestionado'),
 (15599,7660,'aaedo','2019-08-14','tfgesrf',NULL,NULL,NULL,'2019-08-14 03:12:50','Usuario introduce comentarios de incidente<br>Incidente queda en estado gestionado'),
 (15600,7669,'aaguero','2019-08-16','Se informa que se realizará el viernes 16-08-19 un seguimiento',NULL,NULL,NULL,'2019-08-16 03:00:51','Usuario introduce comentarios de incidente<br>Se actualiza tecnolog?a y si va en pr?ximo paquete la mejora'),
 (15601,7669,'aaguero','2019-08-16','Se revisó y no se observa ningún problema en la red',NULL,NULL,NULL,'2019-08-16 03:02:13','Usuario introduce comentarios de incidente<br>Incidente queda en estado gestionado'),
 (15602,7670,'jalcaino','2019-08-18','probando',NULL,NULL,NULL,'2019-08-18 09:12:16','Usuario introduce comentarios de incidente<br>Se actualiza tecnolog?a y si va en pr?ximo paquete la mejora'),
 (15603,7650,'aaguero','2019-08-18','Prueba ',NULL,NULL,NULL,'2019-08-18 11:11:11','Usuario introduce comentarios de incidente<br>Se actualiza tecnolog?a y si va en pr?ximo paquete la mejora');
/*!40000 ALTER TABLE `ED04_SEGUIMIENTO_TICKET` ENABLE KEYS */;


--
-- Definition of table `ED05_ASISTENCIA_TECNICA`
--

DROP TABLE IF EXISTS `ED05_ASISTENCIA_TECNICA`;
CREATE TABLE `ED05_ASISTENCIA_TECNICA` (
  `ED05_ASISTENCIAID` int(11) NOT NULL AUTO_INCREMENT,
  `SIS03_LABORATORIOID` varchar(50) DEFAULT NULL,
  `ED05_FECHAINGRESO` date DEFAULT NULL,
  `ED05_NOMBRESOLICITANTE` varchar(100) DEFAULT NULL,
  `ED05_TELEFONOSOLICITANTE` varchar(50) DEFAULT NULL,
  `ED05_EMAILSOLICITANTE` varchar(100) DEFAULT NULL,
  `ED05_PRIORIDAD` int(11) DEFAULT NULL,
  `ED05_DETALLEASISTENCIAREALIZAR` text,
  `ED05_FECHAREALIZARCE` date DEFAULT NULL,
  `ED05_TIPOCONTACTO` varchar(100) DEFAULT NULL,
  `ED05_ESTADO` varchar(50) DEFAULT NULL,
  `ED05_ARCHIVOADJUNTO` longblob,
  `ED05_NOMBREARCHIVOADJUNTO` varchar(100) DEFAULT NULL,
  `ED05_TIPOARCHIVOADJUNTO` varchar(50) DEFAULT NULL,
  `ED05_FECHAULTIMAACTUALIZACION` timestamp NOT NULL DEFAULT CURRENT_TIMESTAMP ON UPDATE CURRENT_TIMESTAMP,
  `ED01_USUARIOID` varchar(50) NOT NULL,
  `ED05_DERIVADO` varchar(50) DEFAULT NULL,
  PRIMARY KEY (`ED05_ASISTENCIAID`)
) ENGINE=InnoDB AUTO_INCREMENT=336 DEFAULT CHARSET=latin1;

--
-- Dumping data for table `ED05_ASISTENCIA_TECNICA`
--

/*!40000 ALTER TABLE `ED05_ASISTENCIA_TECNICA` DISABLE KEYS */;
INSERT INTO `ED05_ASISTENCIA_TECNICA` (`ED05_ASISTENCIAID`,`SIS03_LABORATORIOID`,`ED05_FECHAINGRESO`,`ED05_NOMBRESOLICITANTE`,`ED05_TELEFONOSOLICITANTE`,`ED05_EMAILSOLICITANTE`,`ED05_PRIORIDAD`,`ED05_DETALLEASISTENCIAREALIZAR`,`ED05_FECHAREALIZARCE`,`ED05_TIPOCONTACTO`,`ED05_ESTADO`,`ED05_ARCHIVOADJUNTO`,`ED05_NOMBREARCHIVOADJUNTO`,`ED05_TIPOARCHIVOADJUNTO`,`ED05_FECHAULTIMAACTUALIZACION`,`ED01_USUARIOID`,`ED05_DERIVADO`) VALUES 
 (327,'13637','2019-07-13','jjkjkjk','weweewwe','',0,'qwwqwq\r\nqwqwwq\r\n','2019-07-13','TELEFONO','DERIVADO',NULL,NULL,NULL,'2019-07-29 12:10:30','jalcaino','jguzman'),
 (329,'10019','2019-07-15','kkllk','llklk','lolo@lolol.cl',1,'llññl\r\n\r\nlññlñl','2019-07-15','TELEFONO','DERIVADO',NULL,NULL,NULL,'2019-07-29 12:10:16','jalcaino','jolivos'),
 (330,'10010','2019-07-28','iñlññlñllñ','78878787','lolo@lolo.cl',1,'llklklkkl','2019-07-28','TELEFONO','RESUELTO',NULL,NULL,NULL,'2019-07-28 09:55:07','jalcaino','aaguero'),
 (331,'10010','2019-07-28','jalcaino','99000990','lololo@lolo.cl',1,'solicitud detalle 1\r\ndsdssdsd','2019-07-28','TELEFONO','MEJORA-FUTURA',NULL,NULL,NULL,'2019-07-28 10:13:01','jalcaino','aaguero'),
 (332,'10247','2019-07-28','ayanez','8989898989','lolo@lolo.cl',1,'prueba\r\nprobando2','2019-07-28','TELEFONO','RESUELTO',NULL,NULL,NULL,'2019-07-28 10:21:19','jalcaino','aaguero'),
 (333,'1000','2019-07-29','José Alcaíno','344554','lolo@lolo.cl',1,'solicitud 1','2019-07-29','TELEFONO','RESUELTO',NULL,NULL,NULL,'2019-07-29 07:36:08','aaguero','jguzman'),
 (334,'1000','2019-08-12','uuiiu','dslññldsñlñlds','',1,'dsdsddds\r\ndsdsds\r\n','2019-08-12','TELEFONO','PENDIENTE',NULL,NULL,NULL,'2019-08-12 08:53:15','jalcaino','aaguero'),
 (335,'10010','2019-08-13','8uiui','747474','',1,'jkjkjkjk\nnhjjhjh','2019-08-13','TELEFONO','DERIVADO',NULL,NULL,NULL,'2019-08-13 10:25:47','jalcaino','jguzman');
/*!40000 ALTER TABLE `ED05_ASISTENCIA_TECNICA` ENABLE KEYS */;


--
-- Definition of table `ED06_SEGUIMIENTO_ASISTENCIA_TECNICA`
--

DROP TABLE IF EXISTS `ED06_SEGUIMIENTO_ASISTENCIA_TECNICA`;
CREATE TABLE `ED06_SEGUIMIENTO_ASISTENCIA_TECNICA` (
  `ED06_SEGASISTENCIAID` int(11) NOT NULL AUTO_INCREMENT,
  `ED05_ASISTENCIAID` int(11) NOT NULL,
  `ED01_USUARIOID` varchar(50) NOT NULL,
  `ED06_SEGFECHA` date DEFAULT NULL,
  `ED06_SEGCOMENTARIOS` text,
  `ED06_ARCHIVOADJUNTO` longblob,
  `ED06_NOMBREARCHIVOADJUNTO` varchar(100) DEFAULT NULL,
  `ED06_TIPOARCHIVOADJUNTO` varchar(50) DEFAULT NULL,
  `ED06_FECHAULTIMAACTUALIZACION` timestamp NOT NULL DEFAULT CURRENT_TIMESTAMP ON UPDATE CURRENT_TIMESTAMP,
  `ED06_REGISTRODETALLECAMBIO` text,
  PRIMARY KEY (`ED06_SEGASISTENCIAID`)
) ENGINE=InnoDB AUTO_INCREMENT=24 DEFAULT CHARSET=latin1;

--
-- Dumping data for table `ED06_SEGUIMIENTO_ASISTENCIA_TECNICA`
--

/*!40000 ALTER TABLE `ED06_SEGUIMIENTO_ASISTENCIA_TECNICA` DISABLE KEYS */;
INSERT INTO `ED06_SEGUIMIENTO_ASISTENCIA_TECNICA` (`ED06_SEGASISTENCIAID`,`ED05_ASISTENCIAID`,`ED01_USUARIOID`,`ED06_SEGFECHA`,`ED06_SEGCOMENTARIOS`,`ED06_ARCHIVOADJUNTO`,`ED06_NOMBREARCHIVOADJUNTO`,`ED06_TIPOARCHIVOADJUNTO`,`ED06_FECHAULTIMAACTUALIZACION`,`ED06_REGISTRODETALLECAMBIO`) VALUES 
 (9,328,'jalcaino','2019-07-15','un seguimiento',0x2F6172636869766F735F75706C6F61642F6C6F67696E332E706466,'login3.pdf','application/pdf','2019-07-15 01:54:45','Usuario introduce comentarios de asistencia'),
 (10,328,'jalcaino','2019-07-15','un seguimiento',0x2F6172636869766F735F75706C6F61642F6C6F67696E332E706466,'login3.pdf','application/pdf','2019-07-15 01:58:07','Usuario introduce comentarios de asistencia'),
 (11,330,'jalcaino','2019-07-22','kkllkkl',NULL,NULL,NULL,'2019-07-28 09:54:24','Usuario introduce comentarios de asistencia<br>Atencion queda en estado gestionado'),
 (12,332,'jalcaino','2019-07-28','ssssss',NULL,NULL,NULL,'2019-07-28 10:19:58','Usuario introduce comentarios de asistencia<br>Atencion queda en estado gestionado'),
 (13,332,'jalcaino','2019-07-28','aaaaa aaa',0x2F6172636869766F735F75706C6F61642F6C6F67696E332E706466,'login3.pdf','application/pdf','2019-07-28 10:21:02','Usuario introduce comentarios de asistencia<br>Atencion queda en estado gestionado'),
 (14,329,'jolivos','2019-07-28','dsdsds',NULL,NULL,NULL,'2019-07-28 11:17:18','Usuario introduce comentarios de asistencia<br>Atencion queda en estado gestionado'),
 (15,327,'jolivos','2019-07-16','dsdsds',NULL,NULL,NULL,'2019-07-28 11:17:38','Usuario introduce comentarios de asistencia<br>Atencion queda en estado gestionado'),
 (16,327,'jolivos','2019-07-16','dsdsds',NULL,NULL,NULL,'2019-07-28 11:17:53','Usuario introduce comentarios de asistencia<br>Atencion queda en estado gestionado'),
 (17,327,'jolivos','2019-07-16','dsdsds',NULL,NULL,NULL,'2019-07-28 11:19:35','Usuario introduce comentarios de asistencia<br>Atencion queda en estado gestionado'),
 (18,329,'jolivos','2019-07-23','ewewew\r\newewew\r\n',NULL,NULL,NULL,'2019-07-28 11:30:59','Usuario introduce comentarios de asistencia<br>Atencion queda en estado gestionado'),
 (19,327,'jolivos','2019-07-09','dsdsds\r\ndsds',NULL,NULL,NULL,'2019-07-28 11:31:20','Usuario introduce comentarios de asistencia<br>Atencion queda en estado gestionado'),
 (20,329,'aaguero','2019-07-29','dssd\r\nwewewe\r\n\r\nweew',NULL,NULL,NULL,'2019-07-29 12:03:53','Usuario introduce comentarios de asistencia<br>Atencion queda en estado gestionado'),
 (21,327,'aaguero','2019-07-29','sdsdsd\r\ndssdsd\r\n',NULL,NULL,NULL,'2019-07-29 12:04:12','Usuario introduce comentarios de asistencia<br>Atencion queda en estado gestionado'),
 (22,333,'jguzman','2019-07-29','33333',0x2F6172636869766F735F75706C6F61642F66696368615F70726F647563746F2E70707478,'ficha_producto.pptx','application/vnd.openxmlformats-officedocument.pres','2019-07-29 07:33:44','Usuario introduce comentarios de asistencia<br>Atencion queda en estado gestionado'),
 (23,335,'jalcaino','2019-08-13','skjsahsajhs',NULL,NULL,NULL,'2019-08-13 10:26:46','Usuario introduce comentarios de asistencia');
/*!40000 ALTER TABLE `ED06_SEGUIMIENTO_ASISTENCIA_TECNICA` ENABLE KEYS */;


--
-- Definition of table `ED08_USUARIO_ACTIVIDAD`
--

DROP TABLE IF EXISTS `ED08_USUARIO_ACTIVIDAD`;
CREATE TABLE `ED08_USUARIO_ACTIVIDAD` (
  `ED01_USUARIOID` varchar(50) NOT NULL,
  `ED08_FECHAHORA` timestamp NOT NULL DEFAULT CURRENT_TIMESTAMP ON UPDATE CURRENT_TIMESTAMP,
  `ED08_ACCION` varchar(50) DEFAULT NULL,
  `ED08_MASINFO` text,
  PRIMARY KEY (`ED01_USUARIOID`,`ED08_FECHAHORA`)
) ENGINE=InnoDB DEFAULT CHARSET=latin1;

--
-- Dumping data for table `ED08_USUARIO_ACTIVIDAD`
--

/*!40000 ALTER TABLE `ED08_USUARIO_ACTIVIDAD` DISABLE KEYS */;
INSERT INTO `ED08_USUARIO_ACTIVIDAD` (`ED01_USUARIOID`,`ED08_FECHAHORA`,`ED08_ACCION`,`ED08_MASINFO`) VALUES 
 ('aaedo','2019-07-25 17:26:43','LOGIN',''),
 ('aaedo','2019-07-29 19:27:48','LOGIN',''),
 ('aaedo','2019-07-29 19:28:39','AGREGAR BITACORA TICKET INCIDENTE','SEGUIMIENTO NUM:15583 / INCIDENTE NUM:7658'),
 ('aaedo','2019-07-29 19:29:30','AGREGAR BITACORA TICKET INCIDENTE','SEGUIMIENTO NUM:15584 / INCIDENTE NUM:7658'),
 ('aaedo','2019-07-29 19:32:07','AGREGAR BITACORA TICKET INCIDENTE','SEGUIMIENTO NUM:15585 / INCIDENTE NUM:7658'),
 ('aaedo','2019-08-08 22:09:34','LOGIN',''),
 ('aaedo','2019-08-08 22:11:52','LOGIN',''),
 ('aaedo','2019-08-08 22:13:06','AGREGAR BITACORA TICKET INCIDENTE','SEGUIMIENTO NUM:15591 / INCIDENTE NUM:7659'),
 ('aaedo','2019-08-08 22:19:10','LOGIN',''),
 ('aaedo','2019-08-14 09:48:12','LOGIN',''),
 ('aaedo','2019-08-14 09:50:50','AGREGAR BITACORA TICKET INCIDENTE','SEGUIMIENTO NUM:15595 / INCIDENTE NUM:7662'),
 ('aaedo','2019-08-14 09:55:03','AGREGAR BITACORA TICKET INCIDENTE','SEGUIMIENTO NUM:15596 / INCIDENTE NUM:7660'),
 ('aaedo','2019-08-14 10:00:18','LOGIN',''),
 ('aaedo','2019-08-14 10:03:04','AGREGAR BITACORA TICKET INCIDENTE','SEGUIMIENTO NUM:15597 / INCIDENTE NUM:7662'),
 ('aaedo','2019-08-14 10:05:34','AGREGAR BITACORA TICKET INCIDENTE','SEGUIMIENTO NUM:15598 / INCIDENTE NUM:7649'),
 ('aaedo','2019-08-14 14:58:38','LOGIN',''),
 ('aaedo','2019-08-14 15:15:16','LOGIN',''),
 ('aaedo','2019-08-14 15:16:59','AGREGAR BITACORA TICKET INCIDENTE','SEGUIMIENTO NUM:15599 / INCIDENTE NUM:7660'),
 ('aaguero','2019-07-15 03:38:52','LOGIN',''),
 ('aaguero','2019-07-15 04:10:48','LOGIN',''),
 ('aaguero','2019-07-15 13:39:38','LOGIN',''),
 ('aaguero','2019-07-22 23:14:22','LOGIN',''),
 ('aaguero','2019-07-28 23:00:03','LOGIN',''),
 ('aaguero','2019-07-28 23:01:20','LOGIN',''),
 ('aaguero','2019-07-28 23:01:39','EDITAR ASISTENCIA','NUM:329'),
 ('aaguero','2019-07-28 23:01:56','EDITAR ASISTENCIA','NUM:327'),
 ('aaguero','2019-07-28 23:23:57','LOGIN',''),
 ('aaguero','2019-07-28 23:24:46','EDITAR ASISTENCIA','NUM:329'),
 ('aaguero','2019-07-28 23:25:02','EDITAR ASISTENCIA','NUM:327'),
 ('aaguero','2019-07-28 23:31:02','LOGIN',''),
 ('aaguero','2019-07-28 23:44:20','LOGIN',''),
 ('aaguero','2019-07-28 23:44:52','EDITAR ASISTENCIA','NUM:327'),
 ('aaguero','2019-07-28 23:45:08','EDITAR ASISTENCIA','NUM:329'),
 ('aaguero','2019-07-29 00:06:57','LOGIN',''),
 ('aaguero','2019-07-29 00:07:38','AGREGAR BITACORA ASISTENCIA','SEGUIMIENTO NUM:20 / ASISTENCIA NUM:329'),
 ('aaguero','2019-07-29 00:13:10','LOGIN',''),
 ('aaguero','2019-07-29 00:14:00','EDITAR ASISTENCIA','NUM:329'),
 ('aaguero','2019-07-29 00:14:14','EDITAR ASISTENCIA','NUM:327'),
 ('aaguero','2019-07-29 19:33:09','LOGIN',''),
 ('aaguero','2019-07-29 19:34:08','EDITAR TICKET INCIDENTE','NUM:7658'),
 ('aaguero','2019-07-29 19:34:54','AGREGAR ASISTENCIA','NUM:333'),
 ('aaguero','2019-07-29 19:36:13','LOGIN',''),
 ('aaguero','2019-07-29 19:36:25','EDITAR ASISTENCIA','NUM:333'),
 ('aaguero','2019-07-29 19:38:36','LOGIN',''),
 ('aaguero','2019-07-29 19:39:54','EDITAR ASISTENCIA','NUM:333'),
 ('aaguero','2019-07-29 20:05:57','AGREGAR BITACORA TICKET INCIDENTE','SEGUIMIENTO NUM:15586 / INCIDENTE NUM:7657'),
 ('aaguero','2019-07-29 20:08:14','AGREGAR BITACORA TICKET INCIDENTE','SEGUIMIENTO NUM:15587 / INCIDENTE NUM:7657'),
 ('aaguero','2019-07-29 20:09:26','AGREGAR BITACORA TICKET INCIDENTE','SEGUIMIENTO NUM:15588 / INCIDENTE NUM:7651'),
 ('aaguero','2019-07-29 20:10:29','AGREGAR BITACORA TICKET INCIDENTE','SEGUIMIENTO NUM:15589 / INCIDENTE NUM:7651'),
 ('aaguero','2019-07-30 10:56:47','LOGIN',''),
 ('aaguero','2019-07-30 10:57:24','AGREGAR BITACORA TICKET INCIDENTE','SEGUIMIENTO NUM:15590 / INCIDENTE NUM:7650'),
 ('aaguero','2019-08-13 16:18:58','LOGIN',''),
 ('aaguero','2019-08-13 16:22:04','INSERTAR TICKET INCIDENTE','NUM:7665'),
 ('aaguero','2019-08-13 16:26:11','LOGIN',''),
 ('aaguero','2019-08-13 16:35:44','EDITAR TICKET INCIDENTE','NUM:7651'),
 ('aaguero','2019-08-15 10:47:28','LOGIN',''),
 ('aaguero','2019-08-16 15:04:04','LOGIN',''),
 ('aaguero','2019-08-16 15:05:02','AGREGAR BITACORA TICKET INCIDENTE','SEGUIMIENTO NUM:15600 / INCIDENTE NUM:7669'),
 ('aaguero','2019-08-16 15:06:25','AGREGAR BITACORA TICKET INCIDENTE','SEGUIMIENTO NUM:15601 / INCIDENTE NUM:7669'),
 ('aaguero','2019-08-16 15:08:15','LOGIN',''),
 ('aaguero','2019-08-17 22:14:21','LOGIN',''),
 ('aaguero','2019-08-17 23:07:27','EDITAR TICKET INCIDENTE','NUM:7654'),
 ('aaguero','2019-08-17 23:48:16','LOGIN',''),
 ('aaguero','2019-08-18 11:14:38','LOGIN',''),
 ('aaguero','2019-08-18 11:15:26','AGREGAR BITACORA TICKET INCIDENTE','SEGUIMIENTO NUM:15603 / INCIDENTE NUM:7650'),
 ('ayanez','2019-07-14 13:22:38','LOGIN',''),
 ('ayanez','2019-07-14 13:45:52','EDITAR SOLICITUD','NUM:1638'),
 ('ayanez','2019-07-14 13:46:48','AGREGAR SOLICITUD','NUM:1639'),
 ('ayanez','2019-07-14 13:47:23','EDITAR SOLICITUD','NUM:1639'),
 ('ayanez','2019-07-14 13:47:46','AGREGAR SOLICITUD','NUM:1640'),
 ('ayanez','2019-07-14 13:53:19','EDITAR SOLICITUD','NUM:1640'),
 ('ayanez','2019-07-14 13:58:41','EDITAR SOLICITUD','NUM:1640'),
 ('ayanez','2019-07-14 14:00:49','EDITAR SOLICITUD','NUM:1640'),
 ('ayanez','2019-07-14 14:01:13','AGREGAR SOLICITUD','NUM:1641'),
 ('ayanez','2019-07-14 21:24:14','LOGIN',''),
 ('ayanez','2019-07-14 21:25:03','AGREGAR SOLICITUD','NUM:1680'),
 ('ayanez','2019-07-14 21:39:20','AGREGAR SOLICITUD','NUM:1681'),
 ('ayanez','2019-07-14 21:59:07','LOGIN',''),
 ('ayanez','2019-07-14 21:59:38','EDITAR SOLICITUD','NUM:1681'),
 ('ayanez','2019-07-28 22:34:57','LOGIN',''),
 ('ayanez','2019-08-08 22:05:22','LOGIN',''),
 ('ayanez','2019-08-08 22:06:30','AGREGAR SOLICITUD','NUM:1691'),
 ('ayanez','2019-08-08 22:10:59','LOGIN',''),
 ('ayanez','2019-08-13 10:13:57','LOGIN',''),
 ('ayanez','2019-08-13 10:14:52','AGREGAR SOLICITUD','NUM:1692'),
 ('cherrera','2019-07-27 07:01:17','RECORDAR CLAVE','NUEVA CLAVE:mhpu134m66'),
 ('cherrera','2019-07-27 07:01:56','LOGIN',''),
 ('cherrera','2019-08-01 18:48:08','LOGIN',''),
 ('cherrera','2019-08-08 14:18:31','LOGIN',''),
 ('cherrera','2019-08-08 17:42:22','LOGIN',''),
 ('emartinez','2019-07-14 08:55:22','LOGIN',''),
 ('emartinez','2019-07-14 13:06:56','LOGIN',''),
 ('emartinez','2019-07-14 13:14:51','LOGIN',''),
 ('emartinez','2019-07-14 21:12:16','LOGIN',''),
 ('emartinez','2019-07-14 21:22:44','LOGIN',''),
 ('emartinez','2019-07-17 10:29:49','LOGIN',''),
 ('emartinez','2019-07-23 16:09:31','LOGIN',''),
 ('emartinez','2019-07-24 08:12:49','LOGIN',''),
 ('emartinez','2019-07-29 09:42:27','LOGIN',''),
 ('emartinez','2019-07-30 08:10:32','LOGIN',''),
 ('emartinez','2019-07-30 10:58:08','LOGIN',''),
 ('emartinez','2019-07-30 10:59:08','EDITAR TICKET INCIDENTE','NUM:7657'),
 ('emartinez','2019-07-31 08:31:57','LOGIN',''),
 ('emartinez','2019-08-01 13:07:57','LOGIN',''),
 ('emartinez','2019-08-02 08:07:33','LOGIN',''),
 ('emartinez','2019-08-06 08:03:31','LOGIN',''),
 ('emartinez','2019-08-07 10:18:17','LOGIN',''),
 ('emartinez','2019-08-08 08:16:38','LOGIN',''),
 ('emartinez','2019-08-08 14:40:39','LOGIN',''),
 ('emartinez','2019-08-13 08:04:04','LOGIN',''),
 ('emartinez','2019-08-13 10:15:09','LOGIN',''),
 ('emartinez','2019-08-13 10:16:30','INSERTAR TICKET INCIDENTE','NUM:7663'),
 ('emartinez','2019-08-13 13:38:08','LOGIN',''),
 ('emartinez','2019-08-13 13:40:18','INSERTAR TICKET INCIDENTE','NUM:7664'),
 ('emartinez','2019-08-14 08:26:00','LOGIN',''),
 ('emartinez','2019-08-16 08:38:14','LOGIN',''),
 ('emartinez','2019-08-16 08:57:21','INSERTAR TICKET INCIDENTE','NUM:7666'),
 ('emartinez','2019-08-16 08:59:46','INSERTAR TICKET INCIDENTE','NUM:7667'),
 ('emartinez','2019-08-16 09:01:39','INSERTAR TICKET INCIDENTE','NUM:7668'),
 ('emartinez','2019-08-16 13:33:47','LOGIN',''),
 ('emartinez','2019-08-16 15:00:43','LOGIN',''),
 ('emartinez','2019-08-16 15:03:35','INSERTAR TICKET INCIDENTE','NUM:7669'),
 ('emartinez','2019-08-16 15:06:31','LOGIN',''),
 ('emartinez','2019-08-16 15:08:35','LOGIN',''),
 ('emartinez','2019-08-16 15:12:24','EDITAR TICKET INCIDENTE','NUM:7669'),
 ('gpiaggio','2019-07-25 15:38:17','LOGIN',''),
 ('gpiaggio','2019-08-08 17:24:55','LOGIN',''),
 ('gpiaggio','2019-08-13 13:04:35','LOGIN',''),
 ('gpiaggio','2019-08-13 13:19:20','LOGIN',''),
 ('gpiaggio','2019-08-13 13:37:59','AGREGAR SOLICITUD','NUM:1693'),
 ('gpiaggio','2019-08-14 12:11:41','LOGIN',''),
 ('gpiaggio','2019-08-14 14:27:22','AGREGAR SOLICITUD','NUM:1694'),
 ('jalcaino','2019-07-13 21:03:33','LOGIN',''),
 ('jalcaino','2019-07-13 21:05:36','AGREGAR SOLICITUD','NUM:1637'),
 ('jalcaino','2019-07-13 21:06:55','INSERTAR TICKET INCIDENTE','NUM:7644'),
 ('jalcaino','2019-07-13 21:07:46','EDITAR TICKET INCIDENTE','NUM:7644'),
 ('jalcaino','2019-07-13 21:08:56','INSERTAR TICKET INCIDENTE','NUM:7645'),
 ('jalcaino','2019-07-13 21:09:22','AGREGAR ASISTENCIA','NUM:327'),
 ('jalcaino','2019-07-14 08:49:26','LOGIN',''),
 ('jalcaino','2019-07-14 10:15:59','LOGIN',''),
 ('jalcaino','2019-07-14 10:16:26','LOGIN',''),
 ('jalcaino','2019-07-14 12:23:44','INSERTAR TICKET INCIDENTE','NUM:7646'),
 ('jalcaino','2019-07-14 13:00:26','EDITAR TICKET INCIDENTE','NUM:7646'),
 ('jalcaino','2019-07-14 13:00:43','EDITAR TICKET INCIDENTE','NUM:7646'),
 ('jalcaino','2019-07-14 13:14:09','LOGIN',''),
 ('jalcaino','2019-07-14 13:14:32','AGREGAR SOLICITUD','NUM:1638'),
 ('jalcaino','2019-07-14 14:04:56','LOGIN',''),
 ('jalcaino','2019-07-14 16:04:04','AGREGAR SOLICITUD','NUM:1663'),
 ('jalcaino','2019-07-14 16:05:37','AGREGAR SOLICITUD','NUM:1664'),
 ('jalcaino','2019-07-14 16:16:37','AGREGAR SOLICITUD','NUM:1668'),
 ('jalcaino','2019-07-14 16:20:29','AGREGAR SOLICITUD','NUM:1670'),
 ('jalcaino','2019-07-14 16:24:29','AGREGAR SOLICITUD','NUM:1671'),
 ('jalcaino','2019-07-14 16:25:30','AGREGAR SOLICITUD','NUM:1672'),
 ('jalcaino','2019-07-14 16:26:29','AGREGAR SOLICITUD','NUM:1673'),
 ('jalcaino','2019-07-14 16:28:49','AGREGAR SOLICITUD','NUM:1674'),
 ('jalcaino','2019-07-14 17:36:34','LOGIN',''),
 ('jalcaino','2019-07-14 18:15:30','LOGIN',''),
 ('jalcaino','2019-07-14 20:20:16','LOGIN',''),
 ('jalcaino','2019-07-14 20:24:15','RECORDAR CLAVE','NUEVA CLAVE:5piah5x83t'),
 ('jalcaino','2019-07-14 20:25:04','LOGIN',''),
 ('jalcaino','2019-07-14 20:26:01','EDITAR USUARIO','ID:jalcaino'),
 ('jalcaino','2019-07-14 20:26:16','LOGIN',''),
 ('jalcaino','2019-07-14 21:11:33','AGREGAR SOLICITUD','NUM:1678'),
 ('jalcaino','2019-07-14 21:20:39','LOGIN',''),
 ('jalcaino','2019-07-14 21:21:12','AGREGAR SOLICITUD','NUM:1679'),
 ('jalcaino','2019-07-15 01:09:23','LOGIN',''),
 ('jalcaino','2019-07-15 01:11:15','AGREGAR SOLICITUD','NUM:1682'),
 ('jalcaino','2019-07-15 01:13:14','INSERTAR TICKET INCIDENTE','NUM:7647'),
 ('jalcaino','2019-07-15 01:17:35','INSERTAR TICKET INCIDENTE','NUM:7648'),
 ('jalcaino','2019-07-15 01:18:26','INSERTAR TICKET INCIDENTE','NUM:7649'),
 ('jalcaino','2019-07-15 01:21:43','INSERTAR TICKET INCIDENTE','NUM:7650'),
 ('jalcaino','2019-07-15 01:50:58','INSERTAR TICKET INCIDENTE','NUM:7651'),
 ('jalcaino','2019-07-15 01:51:48','EDITAR SOLICITUD','NUM:1682'),
 ('jalcaino','2019-07-15 01:52:09','EDITAR SOLICITUD','NUM:1682'),
 ('jalcaino','2019-07-15 01:52:31','EDITAR TICKET INCIDENTE','NUM:7650'),
 ('jalcaino','2019-07-15 01:53:43','AGREGAR ASISTENCIA','NUM:328'),
 ('jalcaino','2019-07-15 01:54:22','EDITAR ASISTENCIA','NUM:328'),
 ('jalcaino','2019-07-15 01:57:48','EDITAR ASISTENCIA','NUM:328'),
 ('jalcaino','2019-07-15 02:01:30','AGREGAR BITACORA ASISTENCIA','SEGUIMIENTO NUM:10 / ASISTENCIA NUM:328'),
 ('jalcaino','2019-07-15 02:05:04','AGREGAR BITACORA TICKET INCIDENTE','SEGUIMIENTO NUM:15578 / INCIDENTE NUM:7651'),
 ('jalcaino','2019-07-15 02:13:37','ELIMINAR TICKET INCIDENTE','NUM:7648'),
 ('jalcaino','2019-07-15 02:13:59','ELIMINAR ASISTENCIA','NUM:328'),
 ('jalcaino','2019-07-15 02:15:36','AGREGAR ASISTENCIA','NUM:329'),
 ('jalcaino','2019-07-15 13:42:30','LOGIN',''),
 ('jalcaino','2019-07-15 17:15:58','LOGIN',''),
 ('jalcaino','2019-07-16 18:53:32','LOGIN',''),
 ('jalcaino','2019-07-22 21:42:10','LOGIN',''),
 ('jalcaino','2019-07-24 14:25:57','LOGIN',''),
 ('jalcaino','2019-07-25 15:36:38','LOGIN',''),
 ('jalcaino','2019-07-25 22:54:41','LOGIN',''),
 ('jalcaino','2019-07-25 23:00:04','LOGIN',''),
 ('jalcaino','2019-07-25 23:28:55','LOGIN',''),
 ('jalcaino','2019-07-26 19:44:58','LOGIN',''),
 ('jalcaino','2019-07-26 19:47:32','LOGIN',''),
 ('jalcaino','2019-07-26 19:57:40','LOGIN',''),
 ('jalcaino','2019-07-26 21:38:46','LOGIN',''),
 ('jalcaino','2019-07-26 21:38:57','LOGIN',''),
 ('jalcaino','2019-07-26 21:53:35','LOGIN',''),
 ('jalcaino','2019-07-26 22:08:15','LOGIN',''),
 ('jalcaino','2019-07-27 19:28:44','LOGIN',''),
 ('jalcaino','2019-07-28 09:42:41','LOGIN',''),
 ('jalcaino','2019-07-28 15:03:20','LOGIN',''),
 ('jalcaino','2019-07-28 15:06:02','AGREGAR SOLICITUD','NUM:1683'),
 ('jalcaino','2019-07-28 15:06:17','EDITAR SOLICITUD','NUM:1683'),
 ('jalcaino','2019-07-28 15:07:05','INSERTAR TICKET INCIDENTE','NUM:7652'),
 ('jalcaino','2019-07-28 19:10:30','LOGIN',''),
 ('jalcaino','2019-07-28 19:19:26','EDITAR USUARIO','ID:jalcaino'),
 ('jalcaino','2019-07-28 19:20:07','AGREGAR USUARIO','ID:jalcaino1'),
 ('jalcaino','2019-07-28 19:41:06','ELIMINAR USUARIO','ID:jalcaino1'),
 ('jalcaino','2019-07-28 19:41:56','AGREGAR USUARIO','ID:jalcaino1'),
 ('jalcaino','2019-07-28 19:42:26','ELIMINAR USUARIO','ID:jalcaino1'),
 ('jalcaino','2019-07-28 20:31:24','AGREGAR USUARIO','ID:jalcaino1'),
 ('jalcaino','2019-07-28 20:31:40','ELIMINAR USUARIO','ID:jalcaino1'),
 ('jalcaino','2019-07-28 20:33:07','AGREGAR SOLICITUD','NUM:1684'),
 ('jalcaino','2019-07-28 20:33:49','EDITAR SOLICITUD','NUM:1684'),
 ('jalcaino','2019-07-28 20:36:08','INSERTAR TICKET INCIDENTE','NUM:7653'),
 ('jalcaino','2019-07-28 20:37:03','EDITAR TICKET INCIDENTE','NUM:7653'),
 ('jalcaino','2019-07-28 20:37:58','EDITAR TICKET INCIDENTE','NUM:7653'),
 ('jalcaino','2019-07-28 20:40:15','AGREGAR BITACORA TICKET INCIDENTE','SEGUIMIENTO NUM:15579 / INCIDENTE NUM:7644'),
 ('jalcaino','2019-07-28 20:41:56','AGREGAR BITACORA TICKET INCIDENTE','SEGUIMIENTO NUM:15580 / INCIDENTE NUM:7644'),
 ('jalcaino','2019-07-28 20:45:42','EDITAR TICKET INCIDENTE','NUM:7644'),
 ('jalcaino','2019-07-28 21:01:30','LOGIN',''),
 ('jalcaino','2019-07-28 21:44:53','INSERTAR TICKET INCIDENTE','NUM:7654'),
 ('jalcaino','2019-07-28 21:45:33','EDITAR TICKET INCIDENTE','NUM:7652'),
 ('jalcaino','2019-07-28 21:56:53','INSERTAR TICKET INCIDENTE','NUM:7655'),
 ('jalcaino','2019-07-28 21:57:39','AGREGAR ASISTENCIA','NUM:330'),
 ('jalcaino','2019-07-28 21:58:09','AGREGAR BITACORA ASISTENCIA','SEGUIMIENTO NUM:11 / ASISTENCIA NUM:330'),
 ('jalcaino','2019-07-28 21:58:51','EDITAR ASISTENCIA','NUM:330'),
 ('jalcaino','2019-07-28 22:07:40','INSERTAR TICKET INCIDENTE','NUM:7656'),
 ('jalcaino','2019-07-28 22:08:11','EDITAR TICKET INCIDENTE','NUM:7656'),
 ('jalcaino','2019-07-28 22:09:08','AGREGAR BITACORA TICKET INCIDENTE','SEGUIMIENTO NUM:15581 / INCIDENTE NUM:7656'),
 ('jalcaino','2019-07-28 22:09:23','EDITAR TICKET INCIDENTE','NUM:7656'),
 ('jalcaino','2019-07-28 22:09:53','AGREGAR BITACORA TICKET INCIDENTE','SEGUIMIENTO NUM:15582 / INCIDENTE NUM:7656'),
 ('jalcaino','2019-07-28 22:15:15','AGREGAR ASISTENCIA','NUM:331'),
 ('jalcaino','2019-07-28 22:16:45','EDITAR ASISTENCIA','NUM:331'),
 ('jalcaino','2019-07-28 22:18:32','AGREGAR ASISTENCIA','NUM:332'),
 ('jalcaino','2019-07-28 22:19:11','EDITAR ASISTENCIA','NUM:332'),
 ('jalcaino','2019-07-28 22:23:42','AGREGAR BITACORA ASISTENCIA','SEGUIMIENTO NUM:12 / ASISTENCIA NUM:332'),
 ('jalcaino','2019-07-28 22:24:14','EDITAR ASISTENCIA','NUM:332'),
 ('jalcaino','2019-07-28 22:24:46','AGREGAR BITACORA ASISTENCIA','SEGUIMIENTO NUM:13 / ASISTENCIA NUM:332'),
 ('jalcaino','2019-07-28 22:25:03','EDITAR ASISTENCIA','NUM:332'),
 ('jalcaino','2019-07-29 19:05:18','LOGIN',''),
 ('jalcaino','2019-07-29 19:06:25','AGREGAR SOLICITUD','NUM:1685'),
 ('jalcaino','2019-07-29 19:07:48','AGREGAR SOLICITUD','NUM:1686'),
 ('jalcaino','2019-07-29 19:09:46','AGREGAR SOLICITUD','NUM:1687'),
 ('jalcaino','2019-07-29 19:13:12','AGREGAR SOLICITUD','NUM:1688'),
 ('jalcaino','2019-07-29 19:15:21','AGREGAR SOLICITUD','NUM:1689'),
 ('jalcaino','2019-07-29 19:18:01','INSERTAR TICKET INCIDENTE','NUM:7657'),
 ('jalcaino','2019-07-29 19:25:14','AGREGAR SOLICITUD','NUM:1690'),
 ('jalcaino','2019-07-29 19:27:18','INSERTAR TICKET INCIDENTE','NUM:7658'),
 ('jalcaino','2019-08-01 18:36:53','LOGIN',''),
 ('jalcaino','2019-08-03 12:51:08','LOGIN',''),
 ('jalcaino','2019-08-04 00:11:34','LOGIN',''),
 ('jalcaino','2019-08-08 21:57:22','LOGIN',''),
 ('jalcaino','2019-08-09 19:37:29','LOGIN',''),
 ('jalcaino','2019-08-09 20:01:31','LOGIN',''),
 ('jalcaino','2019-08-09 20:50:34','LOGIN',''),
 ('jalcaino','2019-08-12 19:30:02','LOGIN',''),
 ('jalcaino','2019-08-12 19:52:50','EDITAR SOLICITUD','NUM:1686'),
 ('jalcaino','2019-08-12 19:53:13','EDITAR SOLICITUD','NUM:1686'),
 ('jalcaino','2019-08-12 20:42:23','EDITAR SOLICITUD','NUM:1686'),
 ('jalcaino','2019-08-12 20:43:45','INSERTAR TICKET INCIDENTE','NUM:7661'),
 ('jalcaino','2019-08-12 20:44:54','EDITAR TICKET INCIDENTE','NUM:7661'),
 ('jalcaino','2019-08-12 20:48:21','EDITAR TICKET INCIDENTE','NUM:7661'),
 ('jalcaino','2019-08-12 20:48:54','EDITAR TICKET INCIDENTE','NUM:7661'),
 ('jalcaino','2019-08-12 20:53:17','EDITAR TICKET INCIDENTE','NUM:7661'),
 ('jalcaino','2019-08-12 20:54:06','INSERTAR TICKET INCIDENTE','NUM:7662'),
 ('jalcaino','2019-08-12 20:54:43','AGREGAR ASISTENCIA','NUM:334'),
 ('jalcaino','2019-08-12 20:57:03','EDITAR TICKET INCIDENTE','NUM:7654'),
 ('jalcaino','2019-08-12 20:57:21','EDITAR ASISTENCIA','NUM:334'),
 ('jalcaino','2019-08-13 10:13:21','LOGIN',''),
 ('jalcaino','2019-08-13 10:16:39','LOGIN',''),
 ('jalcaino','2019-08-13 10:16:58','EDITAR USUARIO','ID:pvalenzuel'),
 ('jalcaino','2019-08-13 10:23:29','LOGIN',''),
 ('jalcaino','2019-08-13 10:29:40','AGREGAR ASISTENCIA','NUM:335'),
 ('jalcaino','2019-08-13 10:29:54','EDITAR ASISTENCIA','NUM:335'),
 ('jalcaino','2019-08-13 10:30:53','AGREGAR BITACORA ASISTENCIA','SEGUIMIENTO NUM:23 / ASISTENCIA NUM:335'),
 ('jalcaino','2019-08-13 11:54:18','LOGIN',''),
 ('jalcaino','2019-08-13 12:13:38','LOGIN',''),
 ('jalcaino','2019-08-13 12:15:09','EDITAR USUARIO','ID:aaguero'),
 ('jalcaino','2019-08-13 12:15:22','EDITAR USUARIO','ID:aaedo'),
 ('jalcaino','2019-08-13 12:15:36','EDITAR USUARIO','ID:gpiaggio'),
 ('jalcaino','2019-08-13 12:16:11','EDITAR USUARIO','ID:emartinez'),
 ('jalcaino','2019-08-13 12:17:20','EDITAR USUARIO','ID:valenzuela'),
 ('jalcaino','2019-08-13 12:18:08','RECORDAR CLAVE','NUEVA CLAVE:bg7ch7we0q'),
 ('jalcaino','2019-08-13 12:18:35','LOGIN',''),
 ('jalcaino','2019-08-13 12:18:56','EDITAR USUARIO','ID:jalcaino'),
 ('jalcaino','2019-08-16 14:47:49','LOGIN',''),
 ('jalcaino','2019-08-17 18:04:22','LOGIN',''),
 ('jalcaino','2019-08-17 18:56:32','LOGIN',''),
 ('jalcaino','2019-08-17 19:51:44','AGREGAR SOLICITUD','NUM:1695'),
 ('jalcaino','2019-08-17 19:52:19','EDITAR SOLICITUD','NUM:1695'),
 ('jalcaino','2019-08-17 19:53:29','INSERTAR TICKET INCIDENTE','NUM:7670'),
 ('jalcaino','2019-08-17 20:01:33','EDITAR TICKET INCIDENTE','NUM:7670'),
 ('jalcaino','2019-08-17 23:21:33','LOGIN',''),
 ('jalcaino','2019-08-17 23:29:46','EDITAR TICKET INCIDENTE','NUM:7654'),
 ('jalcaino','2019-08-18 08:31:09','LOGIN',''),
 ('jalcaino','2019-08-18 09:16:30','AGREGAR BITACORA TICKET INCIDENTE','SEGUIMIENTO NUM:15602 / INCIDENTE NUM:7670'),
 ('jalcaino','2019-08-18 10:52:24','LOGIN',''),
 ('jguzman','2019-07-29 19:35:43','LOGIN',''),
 ('jguzman','2019-07-29 19:36:50','LOGIN',''),
 ('jguzman','2019-07-29 19:37:30','AGREGAR BITACORA ASISTENCIA','SEGUIMIENTO NUM:22 / ASISTENCIA NUM:333'),
 ('jolivos','2019-07-28 23:00:40','LOGIN',''),
 ('jolivos','2019-07-28 23:02:03','LOGIN',''),
 ('jolivos','2019-07-28 23:21:02','AGREGAR BITACORA ASISTENCIA','SEGUIMIENTO NUM:14 / ASISTENCIA NUM:329'),
 ('jolivos','2019-07-28 23:26:07','LOGIN',''),
 ('jolivos','2019-07-28 23:34:06','LOGIN',''),
 ('jolivos','2019-07-28 23:34:43','AGREGAR BITACORA ASISTENCIA','SEGUIMIENTO NUM:18 / ASISTENCIA NUM:329'),
 ('jolivos','2019-07-28 23:38:47','LOGIN',''),
 ('jolivos','2019-07-29 00:12:41','LOGIN',''),
 ('jortiz','2019-07-14 22:00:21','LOGIN',''),
 ('jortiz','2019-08-08 22:07:02','LOGIN',''),
 ('jortiz','2019-08-08 22:08:43','INSERTAR TICKET INCIDENTE','NUM:7659'),
 ('jortiz','2019-08-08 22:11:14','LOGIN',''),
 ('jortiz','2019-08-08 22:17:21','LOGIN',''),
 ('jortiz','2019-08-08 22:18:39','INSERTAR TICKET INCIDENTE','NUM:7660'),
 ('pvalenzuel','2019-08-13 10:17:09','LOGIN',''),
 ('pvalenzuel','2019-08-13 10:21:30','AGREGAR BITACORA TICKET INCIDENTE','SEGUIMIENTO NUM:15592 / INCIDENTE NUM:7663'),
 ('valenzuela','2019-08-13 13:10:51','LOGIN',''),
 ('valenzuela','2019-08-13 15:23:53','LOGIN',''),
 ('valenzuela','2019-08-13 15:26:26','LOGIN',''),
 ('valenzuela','2019-08-13 16:24:03','AGREGAR BITACORA TICKET INCIDENTE','SEGUIMIENTO NUM:15593 / INCIDENTE NUM:7665'),
 ('valenzuela','2019-08-13 16:26:01','AGREGAR BITACORA TICKET INCIDENTE','SEGUIMIENTO NUM:15594 / INCIDENTE NUM:7665'),
 ('valenzuela','2019-08-13 16:26:24','LOGIN',''),
 ('{','2019-07-25 23:26:38','LOGIN',''),
 ('{','2019-07-26 19:35:29','LOGIN',''),
 ('{','2019-07-26 19:36:23','LOGIN',''),
 ('{','2019-07-26 19:41:17','LOGIN',''),
 ('{','2019-07-26 19:42:05','LOGIN','');
/*!40000 ALTER TABLE `ED08_USUARIO_ACTIVIDAD` ENABLE KEYS */;


--
-- Definition of table `ED09_USUARIO_NOTIFICADO_SEG_TICKET`
--

DROP TABLE IF EXISTS `ED09_USUARIO_NOTIFICADO_SEG_TICKET`;
CREATE TABLE `ED09_USUARIO_NOTIFICADO_SEG_TICKET` (
  `ED04_SEGTICKETID` int(11) NOT NULL,
  `ED01_USUARIOID` varchar(50) NOT NULL,
  `ED09_TIPONOTIFICACION` int(11) NOT NULL DEFAULT '0',
  `ED09_LEIDO` int(11) DEFAULT '0',
  `ED09_FECHANOTIFICACION` datetime NOT NULL,
  `ED09_IDNOT` int(11) NOT NULL AUTO_INCREMENT,
  PRIMARY KEY (`ED09_IDNOT`) USING BTREE,
  KEY `Index_usuario` (`ED01_USUARIOID`)
) ENGINE=InnoDB AUTO_INCREMENT=168 DEFAULT CHARSET=latin1;

--
-- Dumping data for table `ED09_USUARIO_NOTIFICADO_SEG_TICKET`
--

/*!40000 ALTER TABLE `ED09_USUARIO_NOTIFICADO_SEG_TICKET` DISABLE KEYS */;
INSERT INTO `ED09_USUARIO_NOTIFICADO_SEG_TICKET` (`ED04_SEGTICKETID`,`ED01_USUARIOID`,`ED09_TIPONOTIFICACION`,`ED09_LEIDO`,`ED09_FECHANOTIFICACION`,`ED09_IDNOT`) VALUES 
 (15584,'aaedo',1,1,'2019-07-29 07:25:44',40),
 (15584,'jalcaino',1,1,'2019-07-29 07:25:44',41),
 (15584,'aaguero',1,1,'2019-07-29 07:25:44',42),
 (15584,'jortiz',1,0,'2019-07-29 07:25:44',43),
 (15584,'emartinez',1,1,'2019-07-29 07:25:44',44),
 (15584,'gpiaggio',1,0,'2019-07-29 07:25:44',45),
 (15584,'ayanez',1,0,'2019-07-29 07:25:44',46),
 (15585,'aaedo',1,1,'2019-07-29 07:28:21',47),
 (15585,'jalcaino',1,1,'2019-07-29 07:28:21',48),
 (15585,'aaguero',1,1,'2019-07-29 07:28:21',49),
 (15585,'jortiz',1,0,'2019-07-29 07:28:21',50),
 (15585,'emartinez',1,1,'2019-07-29 07:28:21',51),
 (15585,'gpiaggio',1,0,'2019-07-29 07:28:21',52),
 (15585,'ayanez',1,0,'2019-07-29 07:28:21',53),
 (15586,'aaedo',1,1,'2019-07-29 08:02:11',54),
 (15586,'jalcaino',1,1,'2019-07-29 08:02:11',55),
 (15586,'aaguero',1,1,'2019-07-29 08:02:11',56),
 (15586,'jortiz',1,0,'2019-07-29 08:02:11',57),
 (15586,'emartinez',1,1,'2019-07-29 08:02:11',58),
 (15586,'gpiaggio',1,0,'2019-07-29 08:02:11',59),
 (15586,'ayanez',1,0,'2019-07-29 08:02:11',60),
 (15587,'aaedo',1,1,'2019-07-29 08:04:28',61),
 (15587,'jalcaino',1,1,'2019-07-29 08:04:28',62),
 (15587,'aaguero',1,1,'2019-07-29 08:04:28',63),
 (15587,'jortiz',1,0,'2019-07-29 08:04:28',64),
 (15587,'emartinez',1,1,'2019-07-29 08:04:28',65),
 (15587,'gpiaggio',1,0,'2019-07-29 08:04:28',66),
 (15587,'ayanez',1,0,'2019-07-29 08:04:28',67),
 (15588,'aaedo',1,1,'2019-07-29 08:05:40',68),
 (15588,'aaguero',1,1,'2019-07-29 08:05:40',69),
 (15588,'jortiz',1,0,'2019-07-29 08:05:40',70),
 (15588,'emartinez',1,0,'2019-07-29 08:05:40',71),
 (15588,'gpiaggio',1,0,'2019-07-29 08:05:40',72),
 (15588,'ayanez',1,0,'2019-07-29 08:05:40',73),
 (15589,'aaedo',1,1,'2019-07-29 08:06:44',74),
 (15589,'aaguero',1,1,'2019-07-29 08:06:44',75),
 (15589,'jortiz',1,0,'2019-07-29 08:06:44',76),
 (15589,'emartinez',1,0,'2019-07-29 08:06:44',77),
 (15589,'gpiaggio',1,0,'2019-07-29 08:06:44',78),
 (15589,'ayanez',1,0,'2019-07-29 08:06:44',79),
 (15590,'isegovia',1,0,'2019-07-30 10:53:38',80),
 (15590,'aaguero',1,1,'2019-07-30 10:53:38',81),
 (15590,'jortiz',1,0,'2019-07-30 10:53:38',82),
 (15590,'emartinez',1,0,'2019-07-30 10:53:38',83),
 (15590,'gpiaggio',1,0,'2019-07-30 10:53:38',84),
 (15590,'ayanez',1,0,'2019-07-30 10:53:38',85),
 (15591,'aaedo',1,1,'2019-08-08 10:09:06',86),
 (15591,'ayanez',1,0,'2019-08-08 10:09:06',87),
 (15591,'aaguero',1,0,'2019-08-08 10:09:06',88),
 (15591,'jortiz',1,0,'2019-08-08 10:09:06',89),
 (15591,'emartinez',1,0,'2019-08-08 10:09:06',90),
 (15591,'gpiaggio',1,0,'2019-08-08 10:09:06',91),
 (15592,'pvalenzuel',1,1,'2019-08-13 10:17:23',92),
 (15592,'ayanez',1,0,'2019-08-13 10:17:23',93),
 (15592,'aaguero',1,0,'2019-08-13 10:17:23',94),
 (15592,'jortiz',1,0,'2019-08-13 10:17:23',95),
 (15592,'emartinez',1,0,'2019-08-13 10:17:23',96),
 (15592,'gpiaggio',1,0,'2019-08-13 10:17:23',97),
 (15593,'valenzuela',1,1,'2019-08-13 04:19:55',98),
 (15593,'jalcaino',1,0,'2019-08-13 04:19:55',99),
 (15593,'aaguero',1,0,'2019-08-13 04:19:55',100),
 (15593,'jortiz',1,0,'2019-08-13 04:19:55',101),
 (15593,'emartinez',1,0,'2019-08-13 04:19:55',102),
 (15593,'gpiaggio',1,0,'2019-08-13 04:19:55',103),
 (15593,'ayanez',1,0,'2019-08-13 04:19:55',104),
 (15594,'valenzuela',1,1,'2019-08-13 04:21:54',105),
 (15594,'jalcaino',1,0,'2019-08-13 04:21:54',106),
 (15594,'aaguero',1,0,'2019-08-13 04:21:54',107),
 (15594,'jortiz',1,0,'2019-08-13 04:21:54',108),
 (15594,'emartinez',1,0,'2019-08-13 04:21:54',109),
 (15594,'gpiaggio',1,0,'2019-08-13 04:21:54',110),
 (15594,'ayanez',1,0,'2019-08-13 04:21:54',111),
 (15595,'aaedo',1,1,'2019-08-14 09:46:42',112),
 (15595,'aaguero',1,0,'2019-08-14 09:46:42',113),
 (15595,'jortiz',1,0,'2019-08-14 09:46:42',114),
 (15595,'emartinez',1,1,'2019-08-14 09:46:42',115),
 (15595,'gpiaggio',1,0,'2019-08-14 09:46:42',116),
 (15595,'ayanez',1,0,'2019-08-14 09:46:42',117),
 (15596,'aaedo',1,1,'2019-08-14 09:50:54',118),
 (15596,'jalcaino',1,1,'2019-08-14 09:50:54',119),
 (15596,'aaguero',1,1,'2019-08-14 09:50:54',120),
 (15596,'jortiz',1,0,'2019-08-14 09:50:54',121),
 (15596,'emartinez',1,0,'2019-08-14 09:50:54',122),
 (15596,'gpiaggio',1,0,'2019-08-14 09:50:54',123),
 (15596,'ayanez',1,0,'2019-08-14 09:50:54',124),
 (15597,'aaedo',1,1,'2019-08-14 09:58:55',125),
 (15597,'aaguero',1,0,'2019-08-14 09:58:55',126),
 (15597,'jortiz',1,0,'2019-08-14 09:58:55',127),
 (15597,'emartinez',1,1,'2019-08-14 09:58:55',128),
 (15597,'gpiaggio',1,0,'2019-08-14 09:58:55',129),
 (15597,'ayanez',1,0,'2019-08-14 09:58:55',130),
 (15598,'isegovia',1,0,'2019-08-14 10:01:26',131),
 (15598,'aaguero',1,0,'2019-08-14 10:01:26',132),
 (15598,'jortiz',1,0,'2019-08-14 10:01:26',133),
 (15598,'emartinez',1,0,'2019-08-14 10:01:26',134),
 (15598,'aaedo',1,1,'2019-08-14 10:01:26',135),
 (15598,'gpiaggio',1,0,'2019-08-14 10:01:26',136),
 (15598,'ayanez',1,0,'2019-08-14 10:01:26',137),
 (15599,'aaedo',1,0,'2019-08-14 03:12:50',138),
 (15599,'jalcaino',1,1,'2019-08-14 03:12:50',139),
 (15599,'aaguero',1,1,'2019-08-14 03:12:50',140),
 (15599,'jortiz',1,0,'2019-08-14 03:12:50',141),
 (15599,'emartinez',1,0,'2019-08-14 03:12:50',142),
 (15599,'gpiaggio',1,0,'2019-08-14 03:12:50',143),
 (15599,'ayanez',1,0,'2019-08-14 03:12:50',144),
 (15600,'aaguero',1,0,'2019-08-16 03:00:51',145),
 (15600,'jortiz',1,0,'2019-08-16 03:00:51',146),
 (15600,'emartinez',1,1,'2019-08-16 03:00:51',147),
 (15600,'gpiaggio',1,0,'2019-08-16 03:00:51',148),
 (15600,'ayanez',1,0,'2019-08-16 03:00:51',149),
 (15601,'aaguero',1,0,'2019-08-16 03:02:13',150),
 (15601,'jortiz',1,0,'2019-08-16 03:02:13',151),
 (15601,'emartinez',1,1,'2019-08-16 03:02:13',152),
 (15601,'gpiaggio',1,0,'2019-08-16 03:02:13',153),
 (15601,'ayanez',1,0,'2019-08-16 03:02:13',154),
 (15602,'isegovia',1,0,'2019-08-18 09:12:16',155),
 (15602,'jalcaino',1,1,'2019-08-18 09:12:16',156),
 (15602,'aaguero',1,0,'2019-08-18 09:12:16',157),
 (15602,'jortiz',1,0,'2019-08-18 09:12:16',158),
 (15602,'emartinez',1,0,'2019-08-18 09:12:16',159),
 (15602,'gpiaggio',1,0,'2019-08-18 09:12:16',160),
 (15602,'ayanez',1,0,'2019-08-18 09:12:16',161),
 (15603,'isegovia',1,0,'2019-08-18 11:11:11',162),
 (15603,'aaguero',1,0,'2019-08-18 11:11:11',163),
 (15603,'jortiz',1,0,'2019-08-18 11:11:11',164),
 (15603,'emartinez',1,0,'2019-08-18 11:11:11',165),
 (15603,'gpiaggio',1,0,'2019-08-18 11:11:11',166),
 (15603,'ayanez',1,0,'2019-08-18 11:11:11',167);
/*!40000 ALTER TABLE `ED09_USUARIO_NOTIFICADO_SEG_TICKET` ENABLE KEYS */;


--
-- Definition of table `ED10_USUARIO_NOTIFICADO_TICKET`
--

DROP TABLE IF EXISTS `ED10_USUARIO_NOTIFICADO_TICKET`;
CREATE TABLE `ED10_USUARIO_NOTIFICADO_TICKET` (
  `ED01_USUARIOID` varchar(50) NOT NULL,
  `ED03_TICKETID` int(11) NOT NULL,
  `ED10_TIPONOTIFICACION` int(11) NOT NULL DEFAULT '0',
  `ED10_LEIDO` int(11) DEFAULT '0',
  `ED10_FECHANOTIFICACION` datetime NOT NULL,
  `ED10_IDNOT` int(11) NOT NULL AUTO_INCREMENT,
  PRIMARY KEY (`ED10_IDNOT`) USING BTREE,
  KEY `Index_usuario` (`ED01_USUARIOID`),
  KEY `Index_incidente` (`ED03_TICKETID`)
) ENGINE=InnoDB AUTO_INCREMENT=250 DEFAULT CHARSET=latin1;

--
-- Dumping data for table `ED10_USUARIO_NOTIFICADO_TICKET`
--

/*!40000 ALTER TABLE `ED10_USUARIO_NOTIFICADO_TICKET` DISABLE KEYS */;
INSERT INTO `ED10_USUARIO_NOTIFICADO_TICKET` (`ED01_USUARIOID`,`ED03_TICKETID`,`ED10_TIPONOTIFICACION`,`ED10_LEIDO`,`ED10_FECHANOTIFICACION`,`ED10_IDNOT`) VALUES 
 ('aaedo',7658,1,1,'2019-07-29 07:23:32',95),
 ('jalcaino',7658,1,1,'2019-07-29 07:23:32',96),
 ('aaguero',7658,1,1,'2019-07-29 07:23:32',97),
 ('jortiz',7658,1,0,'2019-07-29 07:23:32',98),
 ('emartinez',7658,1,1,'2019-07-29 07:23:32',99),
 ('gpiaggio',7658,1,0,'2019-07-29 07:23:32',100),
 ('ayanez',7658,1,0,'2019-07-29 07:23:32',101),
 ('aaedo',7658,1,1,'2019-07-29 07:30:23',102),
 ('jalcaino',7658,1,1,'2019-07-29 07:30:23',103),
 ('aaguero',7658,1,1,'2019-07-29 07:30:23',104),
 ('jortiz',7658,1,0,'2019-07-29 07:30:23',105),
 ('emartinez',7658,1,1,'2019-07-29 07:30:23',106),
 ('gpiaggio',7658,1,0,'2019-07-29 07:30:23',107),
 ('ayanez',7658,1,0,'2019-07-29 07:30:23',108),
 ('aaedo',7657,1,1,'2019-07-30 10:55:22',109),
 ('jalcaino',7657,1,1,'2019-07-30 10:55:22',110),
 ('aaguero',7657,1,0,'2019-07-30 10:55:22',111),
 ('jortiz',7657,1,0,'2019-07-30 10:55:22',112),
 ('emartinez',7657,1,0,'2019-07-30 10:55:22',113),
 ('gpiaggio',7657,1,0,'2019-07-30 10:55:22',114),
 ('ayanez',7657,1,0,'2019-07-30 10:55:22',115),
 ('aaedo',7659,1,1,'2019-08-08 10:04:43',116),
 ('ayanez',7659,1,0,'2019-08-08 10:04:43',117),
 ('aaguero',7659,1,0,'2019-08-08 10:04:43',118),
 ('jortiz',7659,1,1,'2019-08-08 10:04:43',119),
 ('emartinez',7659,1,0,'2019-08-08 10:04:43',120),
 ('gpiaggio',7659,1,0,'2019-08-08 10:04:43',121),
 ('aaedo',7660,1,1,'2019-08-08 10:14:38',122),
 ('jalcaino',7660,1,1,'2019-08-08 10:14:38',123),
 ('aaguero',7660,1,1,'2019-08-08 10:14:38',124),
 ('jortiz',7660,1,1,'2019-08-08 10:14:38',125),
 ('emartinez',7660,1,0,'2019-08-08 10:14:38',126),
 ('gpiaggio',7660,1,0,'2019-08-08 10:14:38',127),
 ('ayanez',7660,1,0,'2019-08-08 10:14:38',128),
 ('aaedo',7661,1,1,'2019-08-12 08:39:39',129),
 ('aaguero',7661,1,0,'2019-08-12 08:39:39',130),
 ('jortiz',7661,1,0,'2019-08-12 08:39:39',131),
 ('emartinez',7661,1,0,'2019-08-12 08:39:39',132),
 ('gpiaggio',7661,1,0,'2019-08-12 08:39:39',133),
 ('ayanez',7661,1,0,'2019-08-12 08:39:39',134),
 ('aaedo',7661,1,1,'2019-08-12 08:40:48',135),
 ('aaguero',7661,1,0,'2019-08-12 08:40:48',136),
 ('jortiz',7661,1,0,'2019-08-12 08:40:48',137),
 ('emartinez',7661,1,0,'2019-08-12 08:40:48',138),
 ('gpiaggio',7661,1,0,'2019-08-12 08:40:48',139),
 ('ayanez',7661,1,0,'2019-08-12 08:40:48',140),
 ('aaedo',7661,1,1,'2019-08-12 08:44:15',141),
 ('aaguero',7661,1,0,'2019-08-12 08:44:15',142),
 ('jortiz',7661,1,0,'2019-08-12 08:44:15',143),
 ('emartinez',7661,1,0,'2019-08-12 08:44:15',144),
 ('gpiaggio',7661,1,0,'2019-08-12 08:44:15',145),
 ('ayanez',7661,1,0,'2019-08-12 08:44:15',146),
 ('aaedo',7661,1,1,'2019-08-12 08:44:48',147),
 ('aaguero',7661,1,0,'2019-08-12 08:44:48',148),
 ('jortiz',7661,1,0,'2019-08-12 08:44:48',149),
 ('emartinez',7661,1,0,'2019-08-12 08:44:48',150),
 ('gpiaggio',7661,1,0,'2019-08-12 08:44:48',151),
 ('ayanez',7661,1,0,'2019-08-12 08:44:48',152),
 ('aaedo',7661,1,1,'2019-08-12 08:49:11',153),
 ('aaguero',7661,1,0,'2019-08-12 08:49:11',154),
 ('jortiz',7661,1,0,'2019-08-12 08:49:11',155),
 ('emartinez',7661,1,0,'2019-08-12 08:49:11',156),
 ('gpiaggio',7661,1,0,'2019-08-12 08:49:11',157),
 ('ayanez',7661,1,0,'2019-08-12 08:49:11',158),
 ('aaedo',7662,1,1,'2019-08-12 08:50:00',159),
 ('aaguero',7662,1,0,'2019-08-12 08:50:00',160),
 ('jortiz',7662,1,0,'2019-08-12 08:50:00',161),
 ('emartinez',7662,1,1,'2019-08-12 08:50:00',162),
 ('gpiaggio',7662,1,0,'2019-08-12 08:50:00',163),
 ('ayanez',7662,1,0,'2019-08-12 08:50:00',164),
 ('aaedo',7654,1,1,'2019-08-12 08:52:56',165),
 ('aaguero',7654,1,1,'2019-08-12 08:52:56',166),
 ('jortiz',7654,1,0,'2019-08-12 08:52:56',167),
 ('emartinez',7654,1,1,'2019-08-12 08:52:56',168),
 ('gpiaggio',7654,1,0,'2019-08-12 08:52:56',169),
 ('ayanez',7654,1,0,'2019-08-12 08:52:56',170),
 ('pvalenzuel',7663,1,1,'2019-08-13 10:12:24',171),
 ('ayanez',7663,1,0,'2019-08-13 10:12:24',172),
 ('aaguero',7663,1,0,'2019-08-13 10:12:24',173),
 ('jortiz',7663,1,0,'2019-08-13 10:12:24',174),
 ('emartinez',7663,1,0,'2019-08-13 10:12:24',175),
 ('gpiaggio',7663,1,0,'2019-08-13 10:12:24',176),
 ('valenzuela',7664,1,1,'2019-08-13 01:36:11',177),
 ('gpiaggio',7664,1,1,'2019-08-13 01:36:11',178),
 ('aaguero',7664,1,0,'2019-08-13 01:36:11',179),
 ('jortiz',7664,1,0,'2019-08-13 01:36:11',180),
 ('emartinez',7664,1,1,'2019-08-13 01:36:11',181),
 ('ayanez',7664,1,0,'2019-08-13 01:36:11',182),
 ('valenzuela',7665,1,1,'2019-08-13 04:17:57',183),
 ('jalcaino',7665,1,0,'2019-08-13 04:17:57',184),
 ('aaguero',7665,1,1,'2019-08-13 04:17:57',185),
 ('jortiz',7665,1,0,'2019-08-13 04:17:57',186),
 ('emartinez',7665,1,0,'2019-08-13 04:17:57',187),
 ('gpiaggio',7665,1,0,'2019-08-13 04:17:57',188),
 ('ayanez',7665,1,0,'2019-08-13 04:17:57',189),
 ('valenzuela',7651,1,1,'2019-08-13 04:31:36',190),
 ('aaguero',7651,1,1,'2019-08-13 04:31:36',191),
 ('jortiz',7651,1,0,'2019-08-13 04:31:36',192),
 ('emartinez',7651,1,0,'2019-08-13 04:31:36',193),
 ('gpiaggio',7651,1,0,'2019-08-13 04:31:36',194),
 ('ayanez',7651,1,0,'2019-08-13 04:31:36',195),
 ('aaedo',7666,1,0,'2019-08-16 08:53:09',196),
 ('gpiaggio',7666,1,0,'2019-08-16 08:53:09',197),
 ('aaguero',7666,1,0,'2019-08-16 08:53:09',198),
 ('jortiz',7666,1,0,'2019-08-16 08:53:09',199),
 ('emartinez',7666,1,0,'2019-08-16 08:53:09',200),
 ('ayanez',7666,1,0,'2019-08-16 08:53:09',201),
 ('valenzuela',7667,1,0,'2019-08-16 08:55:34',202),
 ('jalcaino',7667,1,0,'2019-08-16 08:55:34',203),
 ('aaguero',7667,1,0,'2019-08-16 08:55:34',204),
 ('jortiz',7667,1,0,'2019-08-16 08:55:34',205),
 ('emartinez',7667,1,1,'2019-08-16 08:55:34',206),
 ('gpiaggio',7667,1,0,'2019-08-16 08:55:34',207),
 ('ayanez',7667,1,0,'2019-08-16 08:55:34',208),
 ('gpiaggio',7668,1,0,'2019-08-16 08:57:28',209),
 ('ayanez',7668,1,0,'2019-08-16 08:57:28',210),
 ('aaguero',7668,1,0,'2019-08-16 08:57:28',211),
 ('jortiz',7668,1,0,'2019-08-16 08:57:28',212),
 ('emartinez',7668,1,0,'2019-08-16 08:57:28',213),
 ('aaguero',7669,1,0,'2019-08-16 02:59:24',214),
 ('jortiz',7669,1,0,'2019-08-16 02:59:24',215),
 ('emartinez',7669,1,1,'2019-08-16 02:59:24',216),
 ('gpiaggio',7669,1,0,'2019-08-16 02:59:24',217),
 ('ayanez',7669,1,0,'2019-08-16 02:59:24',218),
 ('aaguero',7669,1,0,'2019-08-16 03:08:13',219),
 ('jortiz',7669,1,0,'2019-08-16 03:08:13',220),
 ('emartinez',7669,1,1,'2019-08-16 03:08:13',221),
 ('gpiaggio',7669,1,0,'2019-08-16 03:08:13',222),
 ('ayanez',7669,1,0,'2019-08-16 03:08:13',223),
 ('isegovia',7670,1,0,'2019-08-17 07:49:16',224),
 ('jalcaino',7670,1,1,'2019-08-17 07:49:16',225),
 ('aaguero',7670,1,0,'2019-08-17 07:49:16',226),
 ('jortiz',7670,1,0,'2019-08-17 07:49:16',227),
 ('emartinez',7670,1,0,'2019-08-17 07:49:16',228),
 ('gpiaggio',7670,1,0,'2019-08-17 07:49:16',229),
 ('ayanez',7670,1,0,'2019-08-17 07:49:16',230),
 ('isegovia',7670,1,0,'2019-08-17 07:57:20',231),
 ('jalcaino',7670,1,1,'2019-08-17 07:57:20',232),
 ('aaguero',7670,1,0,'2019-08-17 07:57:20',233),
 ('jortiz',7670,1,0,'2019-08-17 07:57:20',234),
 ('emartinez',7670,1,0,'2019-08-17 07:57:20',235),
 ('gpiaggio',7670,1,0,'2019-08-17 07:57:20',236),
 ('ayanez',7670,1,0,'2019-08-17 07:57:20',237),
 ('aaedo',7654,1,0,'2019-08-17 11:03:13',238),
 ('aaguero',7654,1,1,'2019-08-17 11:03:13',239),
 ('jortiz',7654,1,0,'2019-08-17 11:03:13',240),
 ('emartinez',7654,1,0,'2019-08-17 11:03:13',241),
 ('gpiaggio',7654,1,0,'2019-08-17 11:03:13',242),
 ('ayanez',7654,1,0,'2019-08-17 11:03:13',243),
 ('aaedo',7654,1,0,'2019-08-17 11:25:33',244),
 ('aaguero',7654,1,0,'2019-08-17 11:25:33',245),
 ('jortiz',7654,1,0,'2019-08-17 11:25:33',246),
 ('emartinez',7654,1,0,'2019-08-17 11:25:33',247),
 ('gpiaggio',7654,1,0,'2019-08-17 11:25:33',248),
 ('ayanez',7654,1,0,'2019-08-17 11:25:33',249);
/*!40000 ALTER TABLE `ED10_USUARIO_NOTIFICADO_TICKET` ENABLE KEYS */;


--
-- Definition of table `ED11_USUARIO_NOTIFICADO_ASISTENCIA`
--

DROP TABLE IF EXISTS `ED11_USUARIO_NOTIFICADO_ASISTENCIA`;
CREATE TABLE `ED11_USUARIO_NOTIFICADO_ASISTENCIA` (
  `ED01_USUARIOID` varchar(50) NOT NULL,
  `ED05_ASISTENCIAID` int(11) NOT NULL,
  `ED11_TIPONOTIFICACION` int(11) NOT NULL DEFAULT '0',
  `ED11_LEIDO` int(11) DEFAULT '0',
  `ED11_FECHANOTIFICACION` datetime NOT NULL,
  `ED11_IDNOT` int(11) NOT NULL AUTO_INCREMENT,
  PRIMARY KEY (`ED11_IDNOT`) USING BTREE,
  KEY `Index_usuario` (`ED01_USUARIOID`),
  KEY `Index_asistencia` (`ED05_ASISTENCIAID`)
) ENGINE=InnoDB AUTO_INCREMENT=126 DEFAULT CHARSET=latin1;

--
-- Dumping data for table `ED11_USUARIO_NOTIFICADO_ASISTENCIA`
--

/*!40000 ALTER TABLE `ED11_USUARIO_NOTIFICADO_ASISTENCIA` DISABLE KEYS */;
INSERT INTO `ED11_USUARIO_NOTIFICADO_ASISTENCIA` (`ED01_USUARIOID`,`ED05_ASISTENCIAID`,`ED11_TIPONOTIFICACION`,`ED11_LEIDO`,`ED11_FECHANOTIFICACION`,`ED11_IDNOT`) VALUES 
 ('jguzman',333,1,1,'2019-07-29 07:31:09',71),
 ('aaguero',333,1,1,'2019-07-29 07:31:09',72),
 ('jortiz',333,1,0,'2019-07-29 07:31:09',73),
 ('emartinez',333,1,1,'2019-07-29 07:31:09',74),
 ('jolivos',333,1,0,'2019-07-29 07:31:09',75),
 ('gpiaggio',333,1,1,'2019-07-29 07:31:09',76),
 ('ayanez',333,1,0,'2019-07-29 07:31:09',77),
 ('jalcaino',333,1,0,'2019-07-29 07:32:39',78),
 ('jguzman',333,1,1,'2019-07-29 07:32:39',79),
 ('aaguero',333,1,1,'2019-07-29 07:32:39',80),
 ('jortiz',333,1,0,'2019-07-29 07:32:39',81),
 ('emartinez',333,1,1,'2019-07-29 07:32:39',82),
 ('jolivos',333,1,0,'2019-07-29 07:32:39',83),
 ('gpiaggio',333,1,1,'2019-07-29 07:32:39',84),
 ('ayanez',333,1,0,'2019-07-29 07:32:39',85),
 ('jalcaino',333,1,0,'2019-07-29 07:36:08',86),
 ('jguzman',333,1,0,'2019-07-29 07:36:08',87),
 ('aaguero',333,1,1,'2019-07-29 07:36:08',88),
 ('jortiz',333,1,0,'2019-07-29 07:36:08',89),
 ('emartinez',333,1,1,'2019-07-29 07:36:08',90),
 ('jolivos',333,1,0,'2019-07-29 07:36:08',91),
 ('gpiaggio',333,1,1,'2019-07-29 07:36:08',92),
 ('ayanez',333,1,0,'2019-07-29 07:36:08',93),
 ('aaedo',334,1,1,'2019-08-12 08:50:37',94),
 ('aaguero',334,1,1,'2019-08-12 08:50:37',95),
 ('jortiz',334,1,0,'2019-08-12 08:50:37',96),
 ('emartinez',334,1,1,'2019-08-12 08:50:37',97),
 ('jolivos',334,1,0,'2019-08-12 08:50:37',98),
 ('jguzman',334,1,0,'2019-08-12 08:50:37',99),
 ('gpiaggio',334,1,0,'2019-08-12 08:50:37',100),
 ('ayanez',334,1,0,'2019-08-12 08:50:37',101),
 ('aaedo',334,1,1,'2019-08-12 08:53:15',102),
 ('aaguero',334,1,1,'2019-08-12 08:53:15',103),
 ('jortiz',334,1,0,'2019-08-12 08:53:15',104),
 ('emartinez',334,1,1,'2019-08-12 08:53:15',105),
 ('jolivos',334,1,0,'2019-08-12 08:53:15',106),
 ('jguzman',334,1,0,'2019-08-12 08:53:15',107),
 ('gpiaggio',334,1,0,'2019-08-12 08:53:15',108),
 ('ayanez',334,1,0,'2019-08-12 08:53:15',109),
 ('aaedo',335,1,1,'2019-08-13 10:25:33',110),
 ('jguzman',335,1,0,'2019-08-13 10:25:33',111),
 ('aaguero',335,1,1,'2019-08-13 10:25:33',112),
 ('jortiz',335,1,0,'2019-08-13 10:25:33',113),
 ('emartinez',335,1,1,'2019-08-13 10:25:33',114),
 ('jolivos',335,1,0,'2019-08-13 10:25:33',115),
 ('gpiaggio',335,1,0,'2019-08-13 10:25:33',116),
 ('ayanez',335,1,0,'2019-08-13 10:25:33',117),
 ('aaedo',335,1,1,'2019-08-13 10:25:47',118),
 ('jguzman',335,1,0,'2019-08-13 10:25:47',119),
 ('aaguero',335,1,1,'2019-08-13 10:25:47',120),
 ('jortiz',335,1,0,'2019-08-13 10:25:47',121),
 ('emartinez',335,1,1,'2019-08-13 10:25:47',122),
 ('jolivos',335,1,0,'2019-08-13 10:25:47',123),
 ('gpiaggio',335,1,0,'2019-08-13 10:25:47',124),
 ('ayanez',335,1,0,'2019-08-13 10:25:47',125);
/*!40000 ALTER TABLE `ED11_USUARIO_NOTIFICADO_ASISTENCIA` ENABLE KEYS */;


--
-- Definition of table `ED12_USUARIO_NOTIFICADO_SEG_ASIS`
--

DROP TABLE IF EXISTS `ED12_USUARIO_NOTIFICADO_SEG_ASIS`;
CREATE TABLE `ED12_USUARIO_NOTIFICADO_SEG_ASIS` (
  `ED01_USUARIOID` varchar(50) NOT NULL,
  `ED06_SEGASISTENCIAID` int(11) NOT NULL,
  `ED12_TIPONOTIFICACION` int(11) NOT NULL DEFAULT '0',
  `ED12_LEIDO` int(11) DEFAULT '0',
  `ED12_FECHANOTIFICACION` timestamp NOT NULL DEFAULT CURRENT_TIMESTAMP ON UPDATE CURRENT_TIMESTAMP,
  `ED12_IDNOT` int(11) NOT NULL AUTO_INCREMENT,
  PRIMARY KEY (`ED12_IDNOT`) USING BTREE,
  KEY `Index_usuario` (`ED01_USUARIOID`)
) ENGINE=InnoDB AUTO_INCREMENT=57 DEFAULT CHARSET=latin1;

--
-- Dumping data for table `ED12_USUARIO_NOTIFICADO_SEG_ASIS`
--

/*!40000 ALTER TABLE `ED12_USUARIO_NOTIFICADO_SEG_ASIS` DISABLE KEYS */;
INSERT INTO `ED12_USUARIO_NOTIFICADO_SEG_ASIS` (`ED01_USUARIOID`,`ED06_SEGASISTENCIAID`,`ED12_TIPONOTIFICACION`,`ED12_LEIDO`,`ED12_FECHANOTIFICACION`,`ED12_IDNOT`) VALUES 
 ('aaguero',10,1,0,'2019-07-15 01:58:07',1),
 ('aaguero',11,1,1,'2019-07-29 19:41:13',2),
 ('aaguero',12,1,1,'2019-07-29 19:42:06',3),
 ('aaguero',13,1,1,'2019-07-29 19:42:06',4),
 ('aaguero',14,1,1,'2019-07-29 19:42:14',5),
 ('aaguero',18,1,1,'2019-07-29 19:42:14',6),
 ('ayanez',10,1,0,'2019-07-15 01:58:07',7),
 ('ayanez',11,1,0,'2019-07-28 09:54:25',8),
 ('ayanez',12,1,1,'2019-07-28 22:37:42',9),
 ('ayanez',13,1,1,'2019-07-28 22:37:42',10),
 ('ayanez',14,1,0,'2019-07-28 11:17:18',11),
 ('ayanez',18,1,0,'2019-07-28 11:30:59',12),
 ('ayanez',20,1,0,'2019-07-29 12:03:54',13),
 ('emartinez',10,1,0,'2019-07-15 01:58:07',14),
 ('emartinez',11,1,1,'2019-08-16 11:25:19',15),
 ('emartinez',12,1,0,'2019-07-28 10:19:58',16),
 ('emartinez',13,1,0,'2019-07-28 10:21:02',17),
 ('emartinez',14,1,0,'2019-07-28 11:17:18',18),
 ('emartinez',18,1,0,'2019-07-28 11:30:59',19),
 ('emartinez',20,1,0,'2019-07-29 12:03:54',20),
 ('gpiaggio',10,1,0,'2019-07-15 01:58:07',21),
 ('gpiaggio',11,1,0,'2019-07-28 09:54:25',22),
 ('gpiaggio',12,1,0,'2019-07-28 10:19:58',23),
 ('gpiaggio',13,1,0,'2019-07-28 10:21:02',24),
 ('gpiaggio',14,1,1,'2019-08-14 12:16:26',25),
 ('gpiaggio',18,1,1,'2019-08-14 12:16:26',26),
 ('gpiaggio',20,1,1,'2019-08-14 12:16:26',27),
 ('isegovia',10,1,0,'2019-07-15 01:58:07',28),
 ('jguzman',10,1,0,'2019-07-15 01:58:07',29),
 ('jguzman',14,1,0,'2019-07-28 11:17:18',30),
 ('jguzman',18,1,0,'2019-07-28 11:30:59',31),
 ('jguzman',20,1,0,'2019-07-29 12:03:54',32),
 ('jolivos',20,1,1,'2019-07-29 00:12:58',33),
 ('jortiz',10,1,0,'2019-07-15 01:58:07',34),
 ('jortiz',11,1,0,'2019-07-28 09:54:25',35),
 ('jortiz',12,1,0,'2019-07-28 10:19:58',36),
 ('jortiz',13,1,0,'2019-07-28 10:21:02',37),
 ('jortiz',14,1,0,'2019-07-28 11:17:18',38),
 ('jortiz',18,1,0,'2019-07-28 11:30:59',39),
 ('jortiz',20,1,0,'2019-07-29 12:03:54',40),
 ('jalcaino',22,1,0,'2019-07-29 07:33:44',41),
 ('jguzman',22,1,1,'2019-07-29 19:37:53',42),
 ('aaguero',22,1,1,'2019-07-29 19:38:49',43),
 ('jortiz',22,1,0,'2019-07-29 07:33:44',44),
 ('emartinez',22,1,1,'2019-08-16 09:16:53',45),
 ('jolivos',22,1,0,'2019-07-29 07:33:44',46),
 ('gpiaggio',22,1,1,'2019-08-14 12:12:03',47),
 ('ayanez',22,1,0,'2019-07-29 07:33:44',48),
 ('aaedo',23,1,1,'2019-08-14 09:55:28',49),
 ('jguzman',23,1,0,'2019-08-13 10:26:46',50),
 ('aaguero',23,1,1,'2019-08-13 16:34:55',51),
 ('jortiz',23,1,0,'2019-08-13 10:26:46',52),
 ('emartinez',23,1,1,'2019-08-16 09:18:20',53),
 ('jolivos',23,1,0,'2019-08-13 10:26:46',54),
 ('gpiaggio',23,1,0,'2019-08-13 10:26:46',55),
 ('ayanez',23,1,0,'2019-08-13 10:26:46',56);
/*!40000 ALTER TABLE `ED12_USUARIO_NOTIFICADO_SEG_ASIS` ENABLE KEYS */;


--
-- Definition of table `ED13_TICKET_ASISTENCIA_TECNICA`
--

DROP TABLE IF EXISTS `ED13_TICKET_ASISTENCIA_TECNICA`;
CREATE TABLE `ED13_TICKET_ASISTENCIA_TECNICA` (
  `ED03_TICKETID` int(11) NOT NULL DEFAULT '0',
  `ED05_ASISTENCIAID` int(11) NOT NULL,
  PRIMARY KEY (`ED03_TICKETID`,`ED05_ASISTENCIAID`)
) ENGINE=InnoDB DEFAULT CHARSET=latin1;

--
-- Dumping data for table `ED13_TICKET_ASISTENCIA_TECNICA`
--

/*!40000 ALTER TABLE `ED13_TICKET_ASISTENCIA_TECNICA` DISABLE KEYS */;
INSERT INTO `ED13_TICKET_ASISTENCIA_TECNICA` (`ED03_TICKETID`,`ED05_ASISTENCIAID`) VALUES 
 (7641,324),
 (7645,327),
 (7656,331),
 (7661,335),
 (7662,334);
/*!40000 ALTER TABLE `ED13_TICKET_ASISTENCIA_TECNICA` ENABLE KEYS */;


--
-- Definition of table `ED14_SOLICITUD_TICKET`
--

DROP TABLE IF EXISTS `ED14_SOLICITUD_TICKET`;
CREATE TABLE `ED14_SOLICITUD_TICKET` (
  `ED02_SOLICITUDID` int(11) NOT NULL,
  `ED03_TICKETID` int(11) NOT NULL,
  PRIMARY KEY (`ED02_SOLICITUDID`,`ED03_TICKETID`)
) ENGINE=InnoDB DEFAULT CHARSET=latin1;

--
-- Dumping data for table `ED14_SOLICITUD_TICKET`
--

/*!40000 ALTER TABLE `ED14_SOLICITUD_TICKET` DISABLE KEYS */;
INSERT INTO `ED14_SOLICITUD_TICKET` (`ED02_SOLICITUDID`,`ED03_TICKETID`) VALUES 
 (1626,7641),
 (1627,7640),
 (1635,7642),
 (1636,7643),
 (1637,7644),
 (1680,7668),
 (1682,7656),
 (1683,7652),
 (1684,7653),
 (1685,7667),
 (1686,7665),
 (1687,7660),
 (1689,7657),
 (1690,7658),
 (1691,7659),
 (1692,7663),
 (1693,7664),
 (1694,7666),
 (1695,7670);
/*!40000 ALTER TABLE `ED14_SOLICITUD_TICKET` ENABLE KEYS */;


--
-- Definition of table `ED16_SOLICITUD_ASISTENCIA`
--

DROP TABLE IF EXISTS `ED16_SOLICITUD_ASISTENCIA`;
CREATE TABLE `ED16_SOLICITUD_ASISTENCIA` (
  `ED02_SOLICITUDID` int(11) NOT NULL,
  `ED05_ASISTENCIAID` int(11) NOT NULL,
  PRIMARY KEY (`ED02_SOLICITUDID`,`ED05_ASISTENCIAID`)
) ENGINE=InnoDB DEFAULT CHARSET=latin1;

--
-- Dumping data for table `ED16_SOLICITUD_ASISTENCIA`
--

/*!40000 ALTER TABLE `ED16_SOLICITUD_ASISTENCIA` DISABLE KEYS */;
INSERT INTO `ED16_SOLICITUD_ASISTENCIA` (`ED02_SOLICITUDID`,`ED05_ASISTENCIAID`) VALUES 
 (1628,323),
 (1629,325),
 (1631,326),
 (1681,332),
 (1688,333);
/*!40000 ALTER TABLE `ED16_SOLICITUD_ASISTENCIA` ENABLE KEYS */;


--
-- Definition of table `ED17_USUARIO_NOTIFICADO_SOLICITUD`
--

DROP TABLE IF EXISTS `ED17_USUARIO_NOTIFICADO_SOLICITUD`;
CREATE TABLE `ED17_USUARIO_NOTIFICADO_SOLICITUD` (
  `ED02_SOLICITUDID` int(11) NOT NULL,
  `ED01_USUARIOID` varchar(50) NOT NULL,
  `ED17_TIPONOTIFICACION` int(11) NOT NULL DEFAULT '0',
  `ED17_LEIDO` int(11) DEFAULT '0',
  `ED17_FECHANOTIFICACION` datetime NOT NULL,
  `ED17_IDNOT` int(11) NOT NULL AUTO_INCREMENT,
  PRIMARY KEY (`ED17_IDNOT`) USING BTREE,
  KEY `Index_usuario` (`ED01_USUARIOID`),
  KEY `Index_solicitud` (`ED02_SOLICITUDID`)
) ENGINE=InnoDB AUTO_INCREMENT=105 DEFAULT CHARSET=latin1;

--
-- Dumping data for table `ED17_USUARIO_NOTIFICADO_SOLICITUD`
--

/*!40000 ALTER TABLE `ED17_USUARIO_NOTIFICADO_SOLICITUD` DISABLE KEYS */;
INSERT INTO `ED17_USUARIO_NOTIFICADO_SOLICITUD` (`ED02_SOLICITUDID`,`ED01_USUARIOID`,`ED17_TIPONOTIFICACION`,`ED17_LEIDO`,`ED17_FECHANOTIFICACION`,`ED17_IDNOT`) VALUES 
 (1682,'aaguero',1,1,'2019-07-15 04:26:51',1),
 (1682,'aaguero',1,1,'2019-07-15 05:26:59',2),
 (1682,'ayanez',1,1,'2019-07-15 01:07:51',3),
 (1682,'ayanez',1,1,'2019-07-15 01:48:24',4),
 (1682,'ayanez',1,1,'2019-07-15 01:48:45',5),
 (1682,'emartinez',1,1,'2019-07-15 01:07:51',6),
 (1682,'emartinez',1,1,'2019-07-15 01:48:24',7),
 (1682,'emartinez',1,1,'2019-07-15 01:48:45',8),
 (1682,'gpiaggio',1,0,'2019-07-15 01:07:51',9),
 (1682,'gpiaggio',1,0,'2019-07-15 01:48:24',10),
 (1682,'gpiaggio',1,0,'2019-07-15 01:48:45',11),
 (1682,'jortiz',1,0,'2019-07-15 01:07:51',12),
 (1682,'jortiz',1,0,'2019-07-15 01:48:24',13),
 (1682,'jortiz',1,0,'2019-07-15 01:48:45',14),
 (1683,'aaguero',1,1,'2019-07-28 03:02:19',15),
 (1683,'aaguero',1,1,'2019-07-28 03:02:34',16),
 (1683,'ayanez',1,1,'2019-07-28 03:02:19',17),
 (1683,'ayanez',1,1,'2019-07-28 03:02:34',18),
 (1683,'emartinez',1,1,'2019-07-28 03:02:19',19),
 (1683,'emartinez',1,1,'2019-07-28 03:02:34',20),
 (1683,'gpiaggio',1,0,'2019-07-28 03:02:19',21),
 (1683,'gpiaggio',1,0,'2019-07-28 03:02:34',22),
 (1683,'jortiz',1,0,'2019-07-28 03:02:19',23),
 (1683,'jortiz',1,0,'2019-07-28 03:02:34',24),
 (1684,'aaguero',1,1,'2019-07-28 08:29:23',25),
 (1684,'aaguero',1,1,'2019-07-28 08:30:05',26),
 (1684,'ayanez',1,1,'2019-07-28 08:29:23',27),
 (1684,'ayanez',1,1,'2019-07-28 08:30:05',28),
 (1684,'emartinez',1,1,'2019-07-28 08:29:23',29),
 (1684,'emartinez',1,1,'2019-07-28 08:30:05',30),
 (1684,'gpiaggio',1,0,'2019-07-28 08:29:23',31),
 (1684,'gpiaggio',1,0,'2019-07-28 08:30:05',32),
 (1684,'jortiz',1,0,'2019-07-28 08:29:23',33),
 (1684,'jortiz',1,0,'2019-07-28 08:30:05',34),
 (1685,'aaguero',1,1,'2019-07-29 07:02:40',35),
 (1685,'jortiz',1,0,'2019-07-29 07:02:40',36),
 (1685,'emartinez',1,1,'2019-07-29 07:02:40',37),
 (1685,'gpiaggio',1,0,'2019-07-29 07:02:40',38),
 (1685,'ayanez',1,0,'2019-07-29 07:02:40',39),
 (1686,'aaguero',1,1,'2019-07-29 07:04:03',40),
 (1686,'jortiz',1,0,'2019-07-29 07:04:03',41),
 (1686,'emartinez',1,1,'2019-07-29 07:04:03',42),
 (1686,'gpiaggio',1,0,'2019-07-29 07:04:03',43),
 (1686,'ayanez',1,0,'2019-07-29 07:04:03',44),
 (1687,'aaguero',1,1,'2019-07-29 07:06:01',45),
 (1687,'jortiz',1,0,'2019-07-29 07:06:01',46),
 (1687,'emartinez',1,1,'2019-07-29 07:06:01',47),
 (1687,'gpiaggio',1,0,'2019-07-29 07:06:01',48),
 (1687,'ayanez',1,0,'2019-07-29 07:06:01',49),
 (1689,'aaguero',1,1,'2019-07-29 07:11:36',50),
 (1689,'jortiz',1,0,'2019-07-29 07:11:36',51),
 (1689,'emartinez',1,1,'2019-07-29 07:11:36',52),
 (1689,'gpiaggio',1,0,'2019-07-29 07:11:36',53),
 (1689,'ayanez',1,0,'2019-07-29 07:11:36',54),
 (1690,'aaguero',1,1,'2019-07-29 07:21:29',55),
 (1690,'jortiz',1,0,'2019-07-29 07:21:29',56),
 (1690,'emartinez',1,1,'2019-07-29 07:21:29',57),
 (1690,'gpiaggio',1,0,'2019-07-29 07:21:29',58),
 (1690,'ayanez',1,0,'2019-07-29 07:21:29',59),
 (1691,'aaguero',1,1,'2019-08-08 10:02:29',60),
 (1691,'jortiz',1,1,'2019-08-08 10:02:29',61),
 (1691,'emartinez',1,1,'2019-08-08 10:02:29',62),
 (1691,'gpiaggio',1,0,'2019-08-08 10:02:29',63),
 (1691,'ayanez',1,1,'2019-08-08 10:02:29',64),
 (1686,'aaguero',1,1,'2019-08-12 07:48:44',65),
 (1686,'jortiz',1,0,'2019-08-12 07:48:44',66),
 (1686,'emartinez',1,1,'2019-08-12 07:48:44',67),
 (1686,'gpiaggio',1,0,'2019-08-12 07:48:44',68),
 (1686,'ayanez',1,0,'2019-08-12 07:48:44',69),
 (1686,'aaguero',1,1,'2019-08-12 07:49:07',70),
 (1686,'jortiz',1,0,'2019-08-12 07:49:07',71),
 (1686,'emartinez',1,1,'2019-08-12 07:49:07',72),
 (1686,'gpiaggio',1,0,'2019-08-12 07:49:07',73),
 (1686,'ayanez',1,0,'2019-08-12 07:49:07',74),
 (1686,'aaguero',1,1,'2019-08-12 08:38:17',75),
 (1686,'jortiz',1,0,'2019-08-12 08:38:17',76),
 (1686,'emartinez',1,1,'2019-08-12 08:38:17',77),
 (1686,'gpiaggio',1,0,'2019-08-12 08:38:17',78),
 (1686,'ayanez',1,0,'2019-08-12 08:38:17',79),
 (1692,'aaguero',1,1,'2019-08-13 10:10:45',80),
 (1692,'jortiz',1,0,'2019-08-13 10:10:45',81),
 (1692,'emartinez',1,1,'2019-08-13 10:10:45',82),
 (1692,'gpiaggio',1,0,'2019-08-13 10:10:45',83),
 (1692,'ayanez',1,0,'2019-08-13 10:10:45',84),
 (1693,'aaguero',1,0,'2019-08-13 01:33:52',85),
 (1693,'jortiz',1,0,'2019-08-13 01:33:52',86),
 (1693,'emartinez',1,1,'2019-08-13 01:33:52',87),
 (1693,'gpiaggio',1,1,'2019-08-13 01:33:52',88),
 (1693,'ayanez',1,0,'2019-08-13 01:33:52',89),
 (1694,'aaguero',1,0,'2019-08-14 02:23:14',90),
 (1694,'jortiz',1,0,'2019-08-14 02:23:14',91),
 (1694,'emartinez',1,1,'2019-08-14 02:23:14',92),
 (1694,'gpiaggio',1,0,'2019-08-14 02:23:14',93),
 (1694,'ayanez',1,0,'2019-08-14 02:23:14',94),
 (1695,'aaguero',1,0,'2019-08-17 07:47:31',95),
 (1695,'jortiz',1,0,'2019-08-17 07:47:31',96),
 (1695,'emartinez',1,0,'2019-08-17 07:47:31',97),
 (1695,'gpiaggio',1,0,'2019-08-17 07:47:31',98),
 (1695,'ayanez',1,0,'2019-08-17 07:47:31',99),
 (1695,'aaguero',1,0,'2019-08-17 07:48:05',100),
 (1695,'jortiz',1,0,'2019-08-17 07:48:05',101),
 (1695,'emartinez',1,0,'2019-08-17 07:48:05',102),
 (1695,'gpiaggio',1,0,'2019-08-17 07:48:05',103),
 (1695,'ayanez',1,0,'2019-08-17 07:48:05',104);
/*!40000 ALTER TABLE `ED17_USUARIO_NOTIFICADO_SOLICITUD` ENABLE KEYS */;


--
-- Definition of table `SIS01_SECTOR`
--

DROP TABLE IF EXISTS `SIS01_SECTOR`;
CREATE TABLE `SIS01_SECTOR` (
  `SIS01_SECTORID` varchar(50) NOT NULL,
  `SIS01_SECTORDESCRIPCION` text,
  PRIMARY KEY (`SIS01_SECTORID`)
) ENGINE=InnoDB DEFAULT CHARSET=latin1;

--
-- Dumping data for table `SIS01_SECTOR`
--

/*!40000 ALTER TABLE `SIS01_SECTOR` DISABLE KEYS */;
INSERT INTO `SIS01_SECTOR` (`SIS01_SECTORID`,`SIS01_SECTORDESCRIPCION`) VALUES 
 ('INF','Informática'),
 ('LAB','Laboratorio / Mesa Ayuda'),
 ('PED','Pedagogía'),
 ('SAC','Servicio al cliente');
/*!40000 ALTER TABLE `SIS01_SECTOR` ENABLE KEYS */;


--
-- Definition of table `SIS02_NIVEL_USUARIO`
--

DROP TABLE IF EXISTS `SIS02_NIVEL_USUARIO`;
CREATE TABLE `SIS02_NIVEL_USUARIO` (
  `SIS02_NIVELID` int(11) NOT NULL,
  `SIS02_NIVELDESCRIPCION` text,
  `SIS01_SECTORID` varchar(50) NOT NULL,
  PRIMARY KEY (`SIS02_NIVELID`)
) ENGINE=InnoDB DEFAULT CHARSET=latin1;

--
-- Dumping data for table `SIS02_NIVEL_USUARIO`
--

/*!40000 ALTER TABLE `SIS02_NIVEL_USUARIO` DISABLE KEYS */;
INSERT INTO `SIS02_NIVEL_USUARIO` (`SIS02_NIVELID`,`SIS02_NIVELDESCRIPCION`,`SIS01_SECTORID`) VALUES 
 (1,'Administrador','INF'),
 (2,'Supervisor mesa de ayuda','LAB'),
 (3,'Operador Mesa de ayuda','LAB'),
 (4,'Técnico soporte mesa de ayuda','LAB'),
 (5,'Informática Gerencia','INF'),
 (6,'Informática  Desarrollo','INF'),
 (7,'Supervisor Sac','SAC'),
 (8,'Asesor Sac','SAC'),
 (9,'Pedagogía Desarrollador','PED');
/*!40000 ALTER TABLE `SIS02_NIVEL_USUARIO` ENABLE KEYS */;


--
-- Definition of table `SIS04_PRODUCTO`
--

DROP TABLE IF EXISTS `SIS04_PRODUCTO`;
CREATE TABLE `SIS04_PRODUCTO` (
  `SIS04_PRODUCTOID` varchar(20) NOT NULL,
  `SIS04_PRODUCTODESCRIPCION` varchar(50) DEFAULT NULL,
  PRIMARY KEY (`SIS04_PRODUCTOID`)
) ENGINE=InnoDB DEFAULT CHARSET=latin1;

--
-- Dumping data for table `SIS04_PRODUCTO`
--

/*!40000 ALTER TABLE `SIS04_PRODUCTO` DISABLE KEYS */;
INSERT INTO `SIS04_PRODUCTO` (`SIS04_PRODUCTOID`,`SIS04_PRODUCTODESCRIPCION`) VALUES 
 ('EMAT-BASICA','EMAT-BASICA'),
 ('EMAT-INICIAL','EMAT-INICIAL'),
 ('EMAT-MEDIA','EMAT-MEDIA'),
 ('EMAT-PSU','EMAT-PSU');
/*!40000 ALTER TABLE `SIS04_PRODUCTO` ENABLE KEYS */;


--
-- Definition of table `SIS05_MODULO`
--

DROP TABLE IF EXISTS `SIS05_MODULO`;
CREATE TABLE `SIS05_MODULO` (
  `SIS05_CODIGOMODULO` varchar(50) NOT NULL,
  `SIS06_TECNOLOGIAID` varchar(50) DEFAULT NULL,
  PRIMARY KEY (`SIS05_CODIGOMODULO`)
) ENGINE=InnoDB DEFAULT CHARSET=latin1;

--
-- Dumping data for table `SIS05_MODULO`
--

/*!40000 ALTER TABLE `SIS05_MODULO` DISABLE KEYS */;
INSERT INTO `SIS05_MODULO` (`SIS05_CODIGOMODULO`,`SIS06_TECNOLOGIAID`) VALUES 
 ('1JA3','A-SIN-INFO'),
 ('2JA3','A-SIN-INFO'),
 ('3JA3','A-SIN-INFO'),
 ('4012019S','A-SIN-INFO'),
 ('4022019S','A-SIN-INFO'),
 ('6012019S','A-SIN-INFO'),
 ('6022019S','A-SIN-INFO'),
 ('8012019S','A-SIN-INFO'),
 ('8022019S','A-SIN-INFO'),
 ('A-SIN-INFO','A-SIN-INFO'),
 ('B1A2','A-SIN-INFO'),
 ('B1A3','A-SIN-INFO'),
 ('B1A4','A-SIN-INFO'),
 ('B2A2','A-SIN-INFO'),
 ('B2A3','A-SIN-INFO'),
 ('B2A4','A-SIN-INFO'),
 ('B2A5','A-SIN-INFO'),
 ('B3A2','A-SIN-INFO'),
 ('B3A3','A-SIN-INFO'),
 ('B3A4','A-SIN-INFO'),
 ('B3A5','A-SIN-INFO'),
 ('B4A2','A-SIN-INFO'),
 ('B4A3','A-SIN-INFO'),
 ('B4A4','A-SIN-INFO'),
 ('B4A5','A-SIN-INFO'),
 ('B511','A-SIN-INFO'),
 ('B512','A-SIN-INFO'),
 ('B513','A-SIN-INFO'),
 ('B521','A-SIN-INFO'),
 ('B522','A-SIN-INFO'),
 ('B523','A-SIN-INFO'),
 ('B5A2','A-SIN-INFO'),
 ('B5A3','A-SIN-INFO'),
 ('B5A4','A-SIN-INFO'),
 ('B5A5','A-SIN-INFO'),
 ('B5Z1','A-SIN-INFO'),
 ('B5Z2','A-SIN-INFO'),
 ('B611','A-SIN-INFO'),
 ('B612','A-SIN-INFO'),
 ('B613','A-SIN-INFO'),
 ('B621','A-SIN-INFO'),
 ('B622','A-SIN-INFO'),
 ('B623','A-SIN-INFO'),
 ('B6A2','A-SIN-INFO'),
 ('B6A3','A-SIN-INFO'),
 ('B6A4','A-SIN-INFO'),
 ('B6A5','A-SIN-INFO'),
 ('B6Z1','A-SIN-INFO'),
 ('B6Z2','A-SIN-INFO'),
 ('BIA2','A-SIN-INFO'),
 ('BIA3','A-SIN-INFO'),
 ('BIA4','A-SIN-INFO'),
 ('C0A0','A-SIN-INFO'),
 ('C1A1','A-SIN-INFO'),
 ('C1A2','A-SIN-INFO'),
 ('C1A3','A-SIN-INFO'),
 ('C1A4','A-SIN-INFO'),
 ('C1A7','A-SIN-INFO'),
 ('C2A1','A-SIN-INFO'),
 ('C2A2','A-SIN-INFO'),
 ('C2A3','A-SIN-INFO'),
 ('C2A4','A-SIN-INFO'),
 ('C2A7','A-SIN-INFO'),
 ('C3A1','A-SIN-INFO'),
 ('C3A2','A-SIN-INFO'),
 ('C3A3','A-SIN-INFO'),
 ('C3A4','A-SIN-INFO'),
 ('C3A7','A-SIN-INFO'),
 ('C4A0','A-SIN-INFO'),
 ('C4A1','A-SIN-INFO'),
 ('C4A2','A-SIN-INFO'),
 ('C4A3','A-SIN-INFO'),
 ('C4A4','A-SIN-INFO'),
 ('C4A5','A-SIN-INFO'),
 ('C4A6','A-SIN-INFO'),
 ('C4A7','A-SIN-INFO'),
 ('C5A1','A-SIN-INFO'),
 ('C5A2','A-SIN-INFO'),
 ('C5A3','A-SIN-INFO'),
 ('C5A4','A-SIN-INFO'),
 ('C6A1','A-SIN-INFO'),
 ('C6A2','A-SIN-INFO'),
 ('C6A3','A-SIN-INFO'),
 ('C6A4','A-SIN-INFO'),
 ('C7A1','A-SIN-INFO'),
 ('C7A2','A-SIN-INFO'),
 ('C7A3','A-SIN-INFO'),
 ('C7A4','A-SIN-INFO'),
 ('C7A5','A-SIN-INFO'),
 ('C7A6','A-SIN-INFO'),
 ('C7A7','A-SIN-INFO'),
 ('C8A2','A-SIN-INFO'),
 ('C8A3','A-SIN-INFO'),
 ('C8A4','A-SIN-INFO'),
 ('c9a2','A-SIN-INFO'),
 ('c9a3','A-SIN-INFO'),
 ('C9A4','A-SIN-INFO'),
 ('CATA','A-SIN-INFO'),
 ('CFA5','A-SIN-INFO'),
 ('CFA9','A-SIN-INFO'),
 ('CHA2','A-SIN-INFO'),
 ('CHA3','A-SIN-INFO'),
 ('CHB3','A-SIN-INFO'),
 ('codprueba','A-SIN-INFO'),
 ('CTA2','A-SIN-INFO'),
 ('CTA3','A-SIN-INFO'),
 ('CTB3','A-SIN-INFO'),
 ('CUA2','A-SIN-INFO'),
 ('CUA3','A-SIN-INFO'),
 ('CUB3','A-SIN-INFO'),
 ('CVA2','A-SIN-INFO'),
 ('CVA3','A-SIN-INFO'),
 ('CVA4','A-SIN-INFO'),
 ('CVA5','A-SIN-INFO'),
 ('CVB3','A-SIN-INFO'),
 ('CW11','A-SIN-INFO'),
 ('CW12','A-SIN-INFO'),
 ('CW13','A-SIN-INFO'),
 ('CW21','A-SIN-INFO'),
 ('CW22','A-SIN-INFO'),
 ('CW23','A-SIN-INFO'),
 ('CWA2','A-SIN-INFO'),
 ('CWA3','A-SIN-INFO'),
 ('CWA5','A-SIN-INFO'),
 ('CWB2','A-SIN-INFO'),
 ('CWZ1','A-SIN-INFO'),
 ('CWZ2','A-SIN-INFO'),
 ('CXA2','A-SIN-INFO'),
 ('CXA3','A-SIN-INFO'),
 ('CXA4','A-SIN-INFO'),
 ('CXA5','A-SIN-INFO'),
 ('CXB3','A-SIN-INFO'),
 ('CYA2','A-SIN-INFO'),
 ('CYA3','A-SIN-INFO'),
 ('CYA4','A-SIN-INFO'),
 ('CYA5','A-SIN-INFO'),
 ('CYB3','A-SIN-INFO'),
 ('CZA2','A-SIN-INFO'),
 ('CZA3','A-SIN-INFO'),
 ('CZA4','A-SIN-INFO'),
 ('CZA5','A-SIN-INFO'),
 ('CZB2','A-SIN-INFO'),
 ('CZB3','A-SIN-INFO'),
 ('D0A0','A-SIN-INFO'),
 ('D1A0','A-SIN-INFO'),
 ('D1A1','A-SIN-INFO'),
 ('D1A2','A-SIN-INFO'),
 ('D1A3','A-SIN-INFO'),
 ('D1A4','A-SIN-INFO'),
 ('D1B0','A-SIN-INFO'),
 ('D1B0B','A-SIN-INFO'),
 ('D1B0E','A-SIN-INFO'),
 ('D1C0','A-SIN-INFO'),
 ('D1C0E','A-SIN-INFO'),
 ('D1D0','A-SIN-INFO'),
 ('D1E0','A-SIN-INFO'),
 ('D1E0E','A-SIN-INFO'),
 ('D2A0','A-SIN-INFO'),
 ('D2A1','A-SIN-INFO'),
 ('D2A2','A-SIN-INFO'),
 ('D2A3','A-SIN-INFO'),
 ('D2A4','A-SIN-INFO'),
 ('D2B0','A-SIN-INFO'),
 ('D2B0B','A-SIN-INFO'),
 ('D2B0E','A-SIN-INFO'),
 ('D2C0','A-SIN-INFO'),
 ('D2C0E','A-SIN-INFO'),
 ('D2D0','A-SIN-INFO'),
 ('D2E0','A-SIN-INFO'),
 ('D2E0E','A-SIN-INFO'),
 ('D2U4','A-SIN-INFO'),
 ('D3A1','A-SIN-INFO'),
 ('D3A2','A-SIN-INFO'),
 ('D3A3','A-SIN-INFO'),
 ('D3A4','A-SIN-INFO'),
 ('D3A9','A-SIN-INFO'),
 ('D3B9','A-SIN-INFO'),
 ('D3C9','A-SIN-INFO'),
 ('D3U4','A-SIN-INFO'),
 ('D4A0','A-SIN-INFO'),
 ('D4A1','A-SIN-INFO'),
 ('D4A2','A-SIN-INFO'),
 ('D4A3','A-SIN-INFO'),
 ('D4A4','A-SIN-INFO'),
 ('D4A5','A-SIN-INFO'),
 ('D4A6','A-SIN-INFO'),
 ('D4A9','A-SIN-INFO'),
 ('D4B9','A-SIN-INFO'),
 ('D4C9','A-SIN-INFO'),
 ('D4U4','A-SIN-INFO'),
 ('D5A1','A-SIN-INFO'),
 ('D5A2','A-SIN-INFO'),
 ('D5A3','A-SIN-INFO'),
 ('D5A4','A-SIN-INFO'),
 ('D5U4','A-SIN-INFO'),
 ('D6A1','A-SIN-INFO'),
 ('D6A2','A-SIN-INFO'),
 ('D6A3','A-SIN-INFO'),
 ('D6A4','A-SIN-INFO'),
 ('D6A5','A-SIN-INFO'),
 ('D6A6','A-SIN-INFO'),
 ('D6U4','A-SIN-INFO'),
 ('DAA2','A-SIN-INFO'),
 ('DAA3','A-SIN-INFO'),
 ('DAA4','A-SIN-INFO'),
 ('DAA5','A-SIN-INFO'),
 ('DFA5','A-SIN-INFO'),
 ('DFA9','A-SIN-INFO'),
 ('DMA1','A-SIN-INFO'),
 ('DUA2','A-SIN-INFO'),
 ('DUA3','A-SIN-INFO'),
 ('DUA5','A-SIN-INFO'),
 ('DXA2','A-SIN-INFO'),
 ('DXA3','A-SIN-INFO'),
 ('DXA5','A-SIN-INFO'),
 ('DYA2','A-SIN-INFO'),
 ('DYA3','A-SIN-INFO'),
 ('DYA5','A-SIN-INFO'),
 ('DZ11','A-SIN-INFO'),
 ('DZ12','A-SIN-INFO'),
 ('DZ13','A-SIN-INFO'),
 ('DZ21','A-SIN-INFO'),
 ('DZ22','A-SIN-INFO'),
 ('DZ23','A-SIN-INFO'),
 ('DZA2','A-SIN-INFO'),
 ('DZA3','A-SIN-INFO'),
 ('DZA5','A-SIN-INFO'),
 ('DZZ1','A-SIN-INFO'),
 ('DZZ2','A-SIN-INFO'),
 ('E0A0','A-SIN-INFO'),
 ('E1A1','A-SIN-INFO'),
 ('E1A2','A-SIN-INFO'),
 ('E1A3','A-SIN-INFO'),
 ('E1A4','A-SIN-INFO'),
 ('E1U4','A-SIN-INFO'),
 ('E2A1','A-SIN-INFO'),
 ('E2A2','A-SIN-INFO'),
 ('E2A3','A-SIN-INFO'),
 ('E2A4','A-SIN-INFO'),
 ('E2U4','A-SIN-INFO'),
 ('E3A1','A-SIN-INFO'),
 ('E3A2','A-SIN-INFO'),
 ('E3A3','A-SIN-INFO'),
 ('E3A4','A-SIN-INFO'),
 ('E3U4','A-SIN-INFO'),
 ('E4A0','A-SIN-INFO'),
 ('E4A1','A-SIN-INFO'),
 ('E4A2','A-SIN-INFO'),
 ('E4A3','A-SIN-INFO'),
 ('E4A4','A-SIN-INFO'),
 ('E4A5','A-SIN-INFO'),
 ('E4A6','A-SIN-INFO'),
 ('E4U4','A-SIN-INFO'),
 ('E5A1','A-SIN-INFO'),
 ('E5A2','A-SIN-INFO'),
 ('E5A3','A-SIN-INFO'),
 ('E5A4','A-SIN-INFO'),
 ('E5U4','A-SIN-INFO'),
 ('E6A1','A-SIN-INFO'),
 ('E6A2','A-SIN-INFO'),
 ('E6A3','A-SIN-INFO'),
 ('E6A4','A-SIN-INFO'),
 ('E7A1','A-SIN-INFO'),
 ('E7A2','A-SIN-INFO'),
 ('E7A3','A-SIN-INFO'),
 ('E7A4','A-SIN-INFO'),
 ('E7A5','A-SIN-INFO'),
 ('E7A6','A-SIN-INFO'),
 ('E7U4','A-SIN-INFO'),
 ('E8A2','A-SIN-INFO'),
 ('E8A2-1','A-SIN-INFO'),
 ('E8A3','A-SIN-INFO'),
 ('E8A3-1','A-SIN-INFO'),
 ('E8A4','A-SIN-INFO'),
 ('E8B3','A-SIN-INFO'),
 ('EFA5','A-SIN-INFO'),
 ('EFA9','A-SIN-INFO'),
 ('EJT1','A-SIN-INFO'),
 ('EJT3','A-SIN-INFO'),
 ('ENC2019AL','A-SIN-INFO'),
 ('ENC2019INIAL','A-SIN-INFO'),
 ('ENC2019TU','A-SIN-INFO'),
 ('EXA2','A-SIN-INFO'),
 ('EXA3','A-SIN-INFO'),
 ('EXA4','A-SIN-INFO'),
 ('EXA5','A-SIN-INFO'),
 ('EXB3','A-SIN-INFO'),
 ('EYA2','A-SIN-INFO'),
 ('EYA3','A-SIN-INFO'),
 ('EYA4','A-SIN-INFO'),
 ('EYA5','A-SIN-INFO'),
 ('EYB3','A-SIN-INFO'),
 ('EZA2','A-SIN-INFO'),
 ('EZA3','A-SIN-INFO'),
 ('EZA5','A-SIN-INFO'),
 ('EZB2','A-SIN-INFO'),
 ('F0A0','A-SIN-INFO'),
 ('F1A1','A-SIN-INFO'),
 ('F1A2','A-SIN-INFO'),
 ('F1A3','A-SIN-INFO'),
 ('F1A4','A-SIN-INFO'),
 ('F1U4','A-SIN-INFO'),
 ('F2A1','A-SIN-INFO'),
 ('F2A2','A-SIN-INFO'),
 ('F2A3','A-SIN-INFO'),
 ('F2A4','A-SIN-INFO'),
 ('F3A1','A-SIN-INFO'),
 ('F3A2','A-SIN-INFO'),
 ('F3A3','A-SIN-INFO'),
 ('F3A4','A-SIN-INFO'),
 ('F3U4','A-SIN-INFO'),
 ('F4A0','A-SIN-INFO'),
 ('F4A1','A-SIN-INFO'),
 ('F4A2','A-SIN-INFO'),
 ('F4A3','A-SIN-INFO'),
 ('F4A4','A-SIN-INFO'),
 ('F5A1','A-SIN-INFO'),
 ('F5A2','A-SIN-INFO'),
 ('F5A3','A-SIN-INFO'),
 ('F5A4','A-SIN-INFO'),
 ('F5A5','A-SIN-INFO'),
 ('F5A6','A-SIN-INFO'),
 ('F6A1','A-SIN-INFO'),
 ('F6A2','A-SIN-INFO'),
 ('F6A3','A-SIN-INFO'),
 ('F6A4','A-SIN-INFO'),
 ('F7A1','A-SIN-INFO'),
 ('F7A2','A-SIN-INFO'),
 ('F7A3','A-SIN-INFO'),
 ('F7A4','A-SIN-INFO'),
 ('F8A1','A-SIN-INFO'),
 ('F8A2','A-SIN-INFO'),
 ('F8A3','A-SIN-INFO'),
 ('F8A4','A-SIN-INFO'),
 ('F8A5','A-SIN-INFO'),
 ('F8A6','A-SIN-INFO'),
 ('FAA2','A-SIN-INFO'),
 ('FAA3','A-SIN-INFO'),
 ('FAA4','A-SIN-INFO'),
 ('FAA5','A-SIN-INFO'),
 ('FBA2','A-SIN-INFO'),
 ('FBA3','A-SIN-INFO'),
 ('FBA4','A-SIN-INFO'),
 ('FBA5','A-SIN-INFO'),
 ('FCA2','A-SIN-INFO'),
 ('FCA3','A-SIN-INFO'),
 ('FCA4','A-SIN-INFO'),
 ('FCA5','A-SIN-INFO'),
 ('FD11','A-SIN-INFO'),
 ('FD12','A-SIN-INFO'),
 ('FD13','A-SIN-INFO'),
 ('FD21','A-SIN-INFO'),
 ('FD22','A-SIN-INFO'),
 ('FD23','A-SIN-INFO'),
 ('FDA2','A-SIN-INFO'),
 ('FDA3','A-SIN-INFO'),
 ('fda4','A-SIN-INFO'),
 ('FDA5','A-SIN-INFO'),
 ('FDZ1','A-SIN-INFO'),
 ('FDZ2','A-SIN-INFO'),
 ('FEA2','A-SIN-INFO'),
 ('FEA3','A-SIN-INFO'),
 ('FEA4','A-SIN-INFO'),
 ('FEA5','A-SIN-INFO'),
 ('FFA5','A-SIN-INFO'),
 ('FFA9','A-SIN-INFO'),
 ('FPA2','A-SIN-INFO'),
 ('FPA3','A-SIN-INFO'),
 ('FPA5','A-SIN-INFO'),
 ('FPB2','A-SIN-INFO'),
 ('FPB3','A-SIN-INFO'),
 ('FUA2','A-SIN-INFO'),
 ('FUA3','A-SIN-INFO'),
 ('FUB3','A-SIN-INFO'),
 ('FXA2','A-SIN-INFO'),
 ('FXA3','A-SIN-INFO'),
 ('FXA4','A-SIN-INFO'),
 ('FXA5','A-SIN-INFO'),
 ('FYA2','A-SIN-INFO'),
 ('FYA3','A-SIN-INFO'),
 ('FYA5','A-SIN-INFO'),
 ('FZA2','A-SIN-INFO'),
 ('FZA3','A-SIN-INFO'),
 ('FZA5','A-SIN-INFO'),
 ('G1A1','A-SIN-INFO'),
 ('G1A2','A-SIN-INFO'),
 ('G1A3','A-SIN-INFO'),
 ('G1A4','A-SIN-INFO'),
 ('G1A7','A-SIN-INFO'),
 ('G1B7','A-SIN-INFO'),
 ('G1C7','A-SIN-INFO'),
 ('G1D7','A-SIN-INFO'),
 ('G2A1','A-SIN-INFO'),
 ('G2A2','A-SIN-INFO'),
 ('G2A3','A-SIN-INFO'),
 ('G2A4','A-SIN-INFO'),
 ('G2A7','A-SIN-INFO'),
 ('G2B7','A-SIN-INFO'),
 ('G3A1','A-SIN-INFO'),
 ('G3A2','A-SIN-INFO'),
 ('G3A3','A-SIN-INFO'),
 ('G3A4','A-SIN-INFO'),
 ('G3A7','A-SIN-INFO'),
 ('G3B7','A-SIN-INFO'),
 ('G411','A-SIN-INFO'),
 ('G412','A-SIN-INFO'),
 ('G413','A-SIN-INFO'),
 ('G421','A-SIN-INFO'),
 ('G422','A-SIN-INFO'),
 ('G423','A-SIN-INFO'),
 ('G4A1','A-SIN-INFO'),
 ('G4A2','A-SIN-INFO'),
 ('G4A3','A-SIN-INFO'),
 ('G4A4','A-SIN-INFO'),
 ('G4A5','A-SIN-INFO'),
 ('G4A7','A-SIN-INFO'),
 ('G4B7','A-SIN-INFO'),
 ('G4Z1','A-SIN-INFO'),
 ('G4Z2','A-SIN-INFO'),
 ('G5A1','A-SIN-INFO'),
 ('G5A2','A-SIN-INFO'),
 ('G5A3','A-SIN-INFO'),
 ('G5A4','A-SIN-INFO'),
 ('G6A1','A-SIN-INFO'),
 ('G6A2','A-SIN-INFO'),
 ('G6A3','A-SIN-INFO'),
 ('G6A4','A-SIN-INFO'),
 ('G7A1','A-SIN-INFO'),
 ('G7A2','A-SIN-INFO'),
 ('G7A3','A-SIN-INFO'),
 ('G7A4','A-SIN-INFO'),
 ('G7A5','A-SIN-INFO'),
 ('G8A2','A-SIN-INFO'),
 ('G8A3','A-SIN-INFO'),
 ('G8A3-1','A-SIN-INFO'),
 ('G8A4','A-SIN-INFO'),
 ('G8A5','A-SIN-INFO'),
 ('G8B3','A-SIN-INFO'),
 ('G9A2','A-SIN-INFO'),
 ('G9A3','A-SIN-INFO'),
 ('G9A4','A-SIN-INFO'),
 ('G9A5','A-SIN-INFO'),
 ('GAA1','A-SIN-INFO'),
 ('GAA2','A-SIN-INFO'),
 ('GAA3','A-SIN-INFO'),
 ('GAA4','A-SIN-INFO'),
 ('GAA5','A-SIN-INFO'),
 ('GAB3','A-SIN-INFO'),
 ('GBA2','A-SIN-INFO'),
 ('GBA3','A-SIN-INFO'),
 ('GBA4','A-SIN-INFO'),
 ('GBB3','A-SIN-INFO'),
 ('GCA2','A-SIN-INFO'),
 ('GCA3','A-SIN-INFO'),
 ('GCA5','A-SIN-INFO'),
 ('GCB3','A-SIN-INFO'),
 ('GDA2','A-SIN-INFO'),
 ('GDA3','A-SIN-INFO'),
 ('GDA4','A-SIN-INFO'),
 ('GDA5','A-SIN-INFO'),
 ('GDB3','A-SIN-INFO'),
 ('GIA2','A-SIN-INFO'),
 ('GIA3','A-SIN-INFO'),
 ('GIA4','A-SIN-INFO'),
 ('GJA2','A-SIN-INFO'),
 ('GJA3','A-SIN-INFO'),
 ('GJA4','A-SIN-INFO'),
 ('GJA5','A-SIN-INFO'),
 ('GMA2','A-SIN-INFO'),
 ('GRA2','A-SIN-INFO'),
 ('GSA2','A-SIN-INFO'),
 ('GTA2','A-SIN-INFO'),
 ('GTA3','A-SIN-INFO'),
 ('GTB3','A-SIN-INFO'),
 ('GUA2','A-SIN-INFO'),
 ('GUA3','A-SIN-INFO'),
 ('GUA4','A-SIN-INFO'),
 ('GUA5','A-SIN-INFO'),
 ('GV11','A-SIN-INFO'),
 ('GV12','A-SIN-INFO'),
 ('GV13','A-SIN-INFO'),
 ('GV21','A-SIN-INFO'),
 ('GV22','A-SIN-INFO'),
 ('GV23','A-SIN-INFO'),
 ('GVA2','A-SIN-INFO'),
 ('GVA3','A-SIN-INFO'),
 ('GVA4','A-SIN-INFO'),
 ('GVA5','A-SIN-INFO'),
 ('GVZ1','A-SIN-INFO'),
 ('GVZ2','A-SIN-INFO'),
 ('GWA2','A-SIN-INFO'),
 ('GWA3','A-SIN-INFO'),
 ('GWA4','A-SIN-INFO'),
 ('GWA5','A-SIN-INFO'),
 ('GWB2','A-SIN-INFO'),
 ('GXA2','A-SIN-INFO'),
 ('GXA3','A-SIN-INFO'),
 ('GXA4','A-SIN-INFO'),
 ('GYA2','A-SIN-INFO'),
 ('GYA3','A-SIN-INFO'),
 ('GYA4','A-SIN-INFO'),
 ('GYA5','A-SIN-INFO'),
 ('GZA2','A-SIN-INFO'),
 ('GZA3','A-SIN-INFO'),
 ('GZA4','A-SIN-INFO'),
 ('GZA5','A-SIN-INFO'),
 ('GZB2','A-SIN-INFO'),
 ('H1A2','A-SIN-INFO'),
 ('H1A5','A-SIN-INFO'),
 ('H1A7','A-SIN-INFO'),
 ('H1B7','A-SIN-INFO'),
 ('H2A2','A-SIN-INFO'),
 ('H2A3','A-SIN-INFO'),
 ('H2A4','A-SIN-INFO'),
 ('H2A5','A-SIN-INFO'),
 ('H2A6','A-SIN-INFO'),
 ('H2A7','A-SIN-INFO'),
 ('H2B4','A-SIN-INFO'),
 ('H2B5','A-SIN-INFO'),
 ('H2B7','A-SIN-INFO'),
 ('H3A2','A-SIN-INFO'),
 ('H3A3','A-SIN-INFO'),
 ('H3A4','A-SIN-INFO'),
 ('H3A5','A-SIN-INFO'),
 ('H3A6','A-SIN-INFO'),
 ('H3B3','A-SIN-INFO'),
 ('H3B4','A-SIN-INFO'),
 ('H3B5','A-SIN-INFO'),
 ('H4A2','A-SIN-INFO'),
 ('H4A3','A-SIN-INFO'),
 ('H4A4','A-SIN-INFO'),
 ('H4A5','A-SIN-INFO'),
 ('H4A6','A-SIN-INFO'),
 ('H4B3','A-SIN-INFO'),
 ('H4B5','A-SIN-INFO'),
 ('H5A2','A-SIN-INFO'),
 ('H5A3','A-SIN-INFO'),
 ('H5A4','A-SIN-INFO'),
 ('H5A5','A-SIN-INFO'),
 ('H5A6','A-SIN-INFO'),
 ('H5B5','A-SIN-INFO'),
 ('H6A7','A-SIN-INFO'),
 ('H6B7','A-SIN-INFO'),
 ('H6C7','A-SIN-INFO'),
 ('H6D7','A-SIN-INFO'),
 ('H6E7','A-SIN-INFO'),
 ('H6F7','A-SIN-INFO'),
 ('H7A7','A-SIN-INFO'),
 ('H7B7','A-SIN-INFO'),
 ('H7C7','A-SIN-INFO'),
 ('H7D7','A-SIN-INFO'),
 ('H7E7','A-SIN-INFO'),
 ('H8A7','A-SIN-INFO'),
 ('H8B7','A-SIN-INFO'),
 ('H8C7','A-SIN-INFO'),
 ('H8D7','A-SIN-INFO'),
 ('H8E7','A-SIN-INFO'),
 ('H9A7','A-SIN-INFO'),
 ('H9B7','A-SIN-INFO'),
 ('H9C7','A-SIN-INFO'),
 ('H9D7','A-SIN-INFO'),
 ('H9E7','A-SIN-INFO'),
 ('HAA2','A-SIN-INFO'),
 ('HAA3','A-SIN-INFO'),
 ('HAA4','A-SIN-INFO'),
 ('HAA5','A-SIN-INFO'),
 ('HAA6','A-SIN-INFO'),
 ('HAB3','A-SIN-INFO'),
 ('HAB5','A-SIN-INFO'),
 ('HAC3','A-SIN-INFO'),
 ('HBA2','A-SIN-INFO'),
 ('HBA3','A-SIN-INFO'),
 ('HBA4','A-SIN-INFO'),
 ('HBA5','A-SIN-INFO'),
 ('HBA6','A-SIN-INFO'),
 ('HBB3','A-SIN-INFO'),
 ('HBB5','A-SIN-INFO'),
 ('HBC3','A-SIN-INFO'),
 ('HCA2','A-SIN-INFO'),
 ('HCA3','A-SIN-INFO'),
 ('HCA4','A-SIN-INFO'),
 ('HCA5','A-SIN-INFO'),
 ('HCA6','A-SIN-INFO'),
 ('HCB3','A-SIN-INFO'),
 ('HCB5','A-SIN-INFO'),
 ('HCC3','A-SIN-INFO'),
 ('HDA2','A-SIN-INFO'),
 ('HDA3','A-SIN-INFO'),
 ('HDA4','A-SIN-INFO'),
 ('HDA5','A-SIN-INFO'),
 ('HDA6','A-SIN-INFO'),
 ('HDB3','A-SIN-INFO'),
 ('HDB5','A-SIN-INFO'),
 ('HDC3','A-SIN-INFO'),
 ('HEA2','A-SIN-INFO'),
 ('HEA3','A-SIN-INFO'),
 ('HEA4','A-SIN-INFO'),
 ('HEA5','A-SIN-INFO'),
 ('HEA6','A-SIN-INFO'),
 ('HEB3','A-SIN-INFO'),
 ('HEB5','A-SIN-INFO'),
 ('HEC3','A-SIN-INFO'),
 ('HFA2','A-SIN-INFO'),
 ('HFA3','A-SIN-INFO'),
 ('HFA4','A-SIN-INFO'),
 ('HFA5','A-SIN-INFO'),
 ('HFA6','A-SIN-INFO'),
 ('HFB5','A-SIN-INFO'),
 ('HFC3','A-SIN-INFO'),
 ('HGA2','A-SIN-INFO'),
 ('HGA3','A-SIN-INFO'),
 ('HGA4','A-SIN-INFO'),
 ('HGA5','A-SIN-INFO'),
 ('HGA6','A-SIN-INFO'),
 ('HGB2','A-SIN-INFO'),
 ('HGB5','A-SIN-INFO'),
 ('HGC3','A-SIN-INFO'),
 ('J1A2','A-SIN-INFO'),
 ('J1A3','A-SIN-INFO'),
 ('J1A4','A-SIN-INFO'),
 ('J1A5','A-SIN-INFO'),
 ('J1A6','A-SIN-INFO'),
 ('J1A7','A-SIN-INFO'),
 ('J1B3','A-SIN-INFO'),
 ('J1B4','A-SIN-INFO'),
 ('J1B5','A-SIN-INFO'),
 ('J1B7','A-SIN-INFO'),
 ('J2A2','A-SIN-INFO'),
 ('J2A3','A-SIN-INFO'),
 ('J2A4','A-SIN-INFO'),
 ('J2A5','A-SIN-INFO'),
 ('j2a6','A-SIN-INFO'),
 ('J2A7','A-SIN-INFO'),
 ('J2B3','A-SIN-INFO'),
 ('J2B4','A-SIN-INFO'),
 ('J2B5','A-SIN-INFO'),
 ('J2B7','A-SIN-INFO'),
 ('J4A2','A-SIN-INFO'),
 ('J4A3','A-SIN-INFO'),
 ('J4A4','A-SIN-INFO'),
 ('J4A5','A-SIN-INFO'),
 ('J4A6','A-SIN-INFO'),
 ('J4B5','A-SIN-INFO'),
 ('J5A2','A-SIN-INFO'),
 ('J5A3','A-SIN-INFO'),
 ('J5A4','A-SIN-INFO'),
 ('J5A5','A-SIN-INFO'),
 ('J5A6','A-SIN-INFO'),
 ('J5B5','A-SIN-INFO'),
 ('J6A7','A-SIN-INFO'),
 ('J6B7','A-SIN-INFO'),
 ('J6C7','A-SIN-INFO'),
 ('J6D7','A-SIN-INFO'),
 ('J6E7','A-SIN-INFO'),
 ('J6F7','A-SIN-INFO'),
 ('J6G7','A-SIN-INFO'),
 ('J7A7','A-SIN-INFO'),
 ('J7B7','A-SIN-INFO'),
 ('J7C7','A-SIN-INFO'),
 ('J7D7','A-SIN-INFO'),
 ('J7E7','A-SIN-INFO'),
 ('J7F7','A-SIN-INFO'),
 ('JAA2','A-SIN-INFO'),
 ('JAA3','A-SIN-INFO'),
 ('JAA4','A-SIN-INFO'),
 ('JAA5','A-SIN-INFO'),
 ('JAA6','A-SIN-INFO'),
 ('JAB3','A-SIN-INFO'),
 ('JAB5','A-SIN-INFO'),
 ('JAC3','A-SIN-INFO'),
 ('JBA2','A-SIN-INFO'),
 ('JBA3','A-SIN-INFO'),
 ('JBA4','A-SIN-INFO'),
 ('JBA5','A-SIN-INFO'),
 ('JBA6','A-SIN-INFO'),
 ('JBB3','A-SIN-INFO'),
 ('JBB5','A-SIN-INFO'),
 ('JBC3','A-SIN-INFO'),
 ('JCA2','A-SIN-INFO'),
 ('JCA3','A-SIN-INFO'),
 ('JCA4','A-SIN-INFO'),
 ('JCA5','A-SIN-INFO'),
 ('JCA6','A-SIN-INFO'),
 ('JCB5','A-SIN-INFO'),
 ('JCC3','A-SIN-INFO'),
 ('JDA2','A-SIN-INFO'),
 ('JDA3','A-SIN-INFO'),
 ('JDA4','A-SIN-INFO'),
 ('JDA5','A-SIN-INFO'),
 ('JDA6','A-SIN-INFO'),
 ('JDB5','A-SIN-INFO'),
 ('JDC3','A-SIN-INFO'),
 ('JEA2','A-SIN-INFO'),
 ('JEA3','A-SIN-INFO'),
 ('JEA4','A-SIN-INFO'),
 ('JEA5','A-SIN-INFO'),
 ('JEA6','A-SIN-INFO'),
 ('JEB5','A-SIN-INFO'),
 ('JEC3','A-SIN-INFO'),
 ('K1A2','A-SIN-INFO'),
 ('K1A3','A-SIN-INFO'),
 ('K1A4','A-SIN-INFO'),
 ('K1A5','A-SIN-INFO'),
 ('K1A6','A-SIN-INFO'),
 ('K1A7','A-SIN-INFO'),
 ('K1B3','A-SIN-INFO'),
 ('K1B4','A-SIN-INFO'),
 ('K1B5','A-SIN-INFO'),
 ('K1B7','A-SIN-INFO'),
 ('K1C4','A-SIN-INFO'),
 ('K2A2','A-SIN-INFO'),
 ('K2A3','A-SIN-INFO'),
 ('K2A4','A-SIN-INFO'),
 ('K2A5','A-SIN-INFO'),
 ('K2A6','A-SIN-INFO'),
 ('K2A7','A-SIN-INFO'),
 ('K2B4','A-SIN-INFO'),
 ('K2B5','A-SIN-INFO'),
 ('K2B7','A-SIN-INFO'),
 ('K2C4','A-SIN-INFO'),
 ('K3A2','A-SIN-INFO'),
 ('K3A3','A-SIN-INFO'),
 ('K3A4','A-SIN-INFO'),
 ('K3A5','A-SIN-INFO'),
 ('K3A6','A-SIN-INFO'),
 ('K3B3','A-SIN-INFO'),
 ('K3B4','A-SIN-INFO'),
 ('K3B5','A-SIN-INFO'),
 ('K4A2','A-SIN-INFO'),
 ('K4A3','A-SIN-INFO'),
 ('K4A4','A-SIN-INFO'),
 ('K4A5','A-SIN-INFO'),
 ('K4A6','A-SIN-INFO'),
 ('K4B4','A-SIN-INFO'),
 ('K4B5','A-SIN-INFO'),
 ('K5A2','A-SIN-INFO'),
 ('K5A3','A-SIN-INFO'),
 ('K5A4','A-SIN-INFO'),
 ('K5A5','A-SIN-INFO'),
 ('K5A6','A-SIN-INFO'),
 ('K5B4','A-SIN-INFO'),
 ('K5B5','A-SIN-INFO'),
 ('K6A7','A-SIN-INFO'),
 ('K6B7','A-SIN-INFO'),
 ('K6C7','A-SIN-INFO'),
 ('K6D7','A-SIN-INFO'),
 ('K6E7','A-SIN-INFO'),
 ('K6F7','A-SIN-INFO'),
 ('K7A7','A-SIN-INFO'),
 ('K7B7','A-SIN-INFO'),
 ('K7C7','A-SIN-INFO'),
 ('K7D7','A-SIN-INFO'),
 ('K7E7','A-SIN-INFO'),
 ('K7F7','A-SIN-INFO'),
 ('K8A7','A-SIN-INFO'),
 ('K8B7','A-SIN-INFO'),
 ('K8C7','A-SIN-INFO'),
 ('K8D7','A-SIN-INFO'),
 ('K8E7','A-SIN-INFO'),
 ('K9A7','A-SIN-INFO'),
 ('K9B7','A-SIN-INFO'),
 ('KAA2','A-SIN-INFO'),
 ('KAA3','A-SIN-INFO'),
 ('KAA4','A-SIN-INFO'),
 ('KAA4_1','A-SIN-INFO'),
 ('KAA5','A-SIN-INFO'),
 ('KAA6','A-SIN-INFO'),
 ('KAB3','A-SIN-INFO'),
 ('KAB5','A-SIN-INFO'),
 ('KAC3','A-SIN-INFO'),
 ('KBA2','A-SIN-INFO'),
 ('KBA3','A-SIN-INFO'),
 ('KBA4','A-SIN-INFO'),
 ('KBA5','A-SIN-INFO'),
 ('KBA6','A-SIN-INFO'),
 ('KBB3','A-SIN-INFO'),
 ('KBB5','A-SIN-INFO'),
 ('KBC3','A-SIN-INFO'),
 ('KCA2','A-SIN-INFO'),
 ('KCA3','A-SIN-INFO'),
 ('KCA4','A-SIN-INFO'),
 ('KCA5','A-SIN-INFO'),
 ('KCA6','A-SIN-INFO'),
 ('KCB3','A-SIN-INFO'),
 ('KCB5','A-SIN-INFO'),
 ('KCC3','A-SIN-INFO'),
 ('KDA2','A-SIN-INFO'),
 ('KDA3','A-SIN-INFO'),
 ('KDA4','A-SIN-INFO'),
 ('KDA5','A-SIN-INFO'),
 ('KDA6','A-SIN-INFO'),
 ('KDB5','A-SIN-INFO'),
 ('KDC3','A-SIN-INFO'),
 ('KEA2','A-SIN-INFO'),
 ('KEA3','A-SIN-INFO'),
 ('KEA4','A-SIN-INFO'),
 ('KEA5','A-SIN-INFO'),
 ('KEA6','A-SIN-INFO'),
 ('KEB5','A-SIN-INFO'),
 ('KEC3','A-SIN-INFO'),
 ('KFA2','A-SIN-INFO'),
 ('KFA3','A-SIN-INFO'),
 ('KFA4','A-SIN-INFO'),
 ('KFA5','A-SIN-INFO'),
 ('KFA6','A-SIN-INFO'),
 ('KFB5','A-SIN-INFO'),
 ('KFC3','A-SIN-INFO'),
 ('KGA2','A-SIN-INFO'),
 ('KGA3','A-SIN-INFO'),
 ('KGA4','A-SIN-INFO'),
 ('KGA5','A-SIN-INFO'),
 ('KGA6','A-SIN-INFO'),
 ('KGB5','A-SIN-INFO'),
 ('KGC3','A-SIN-INFO'),
 ('M012019S','A-SIN-INFO'),
 ('M022019S','A-SIN-INFO'),
 ('M1A4','A-SIN-INFO'),
 ('M2A4','A-SIN-INFO'),
 ('M3A4','A-SIN-INFO'),
 ('M4A4','A-SIN-INFO'),
 ('M5A4','A-SIN-INFO'),
 ('M6A4','A-SIN-INFO'),
 ('M7A4','A-SIN-INFO'),
 ('M8A4','A-SIN-INFO'),
 ('M9A4','A-SIN-INFO'),
 ('MAA2','A-SIN-INFO'),
 ('MAA3','A-SIN-INFO'),
 ('MAA4','A-SIN-INFO'),
 ('mba1','A-SIN-INFO'),
 ('MBA2','A-SIN-INFO'),
 ('MBA3','A-SIN-INFO'),
 ('MBA4','A-SIN-INFO'),
 ('MBA5','A-SIN-INFO'),
 ('MBB2','A-SIN-INFO'),
 ('MBB3','A-SIN-INFO'),
 ('MC3','A-SIN-INFO'),
 ('MC4','A-SIN-INFO'),
 ('MC5','A-SIN-INFO'),
 ('MC6','A-SIN-INFO'),
 ('MC7','A-SIN-INFO'),
 ('MC8','A-SIN-INFO'),
 ('MCA2','A-SIN-INFO'),
 ('MCA3','A-SIN-INFO'),
 ('MCA4','A-SIN-INFO'),
 ('MCA5','A-SIN-INFO'),
 ('MCG','A-SIN-INFO'),
 ('MCH','A-SIN-INFO'),
 ('MCT','A-SIN-INFO'),
 ('MCU','A-SIN-INFO'),
 ('MCV','A-SIN-INFO'),
 ('MCX','A-SIN-INFO'),
 ('MCY','A-SIN-INFO'),
 ('MCZ','A-SIN-INFO'),
 ('MDA2','A-SIN-INFO'),
 ('MDA3','A-SIN-INFO'),
 ('MDA4','A-SIN-INFO'),
 ('MDA5','A-SIN-INFO'),
 ('ME8','A-SIN-INFO'),
 ('MEA2','A-SIN-INFO'),
 ('MEA3','A-SIN-INFO'),
 ('MEA4','A-SIN-INFO'),
 ('MEA5','A-SIN-INFO'),
 ('MF11','A-SIN-INFO'),
 ('MF12','A-SIN-INFO'),
 ('MF13','A-SIN-INFO'),
 ('MF21','A-SIN-INFO'),
 ('MF22','A-SIN-INFO'),
 ('MF23','A-SIN-INFO'),
 ('MFA2','A-SIN-INFO'),
 ('MFA3','A-SIN-INFO'),
 ('MFA4','A-SIN-INFO'),
 ('MFA5','A-SIN-INFO'),
 ('MFP','A-SIN-INFO'),
 ('MFU','A-SIN-INFO'),
 ('MFZ1','A-SIN-INFO'),
 ('MFZ2','A-SIN-INFO'),
 ('MG6','A-SIN-INFO'),
 ('MG7','A-SIN-INFO'),
 ('MG8','A-SIN-INFO'),
 ('MG9','A-SIN-INFO'),
 ('MGA','A-SIN-INFO'),
 ('MGA2','A-SIN-INFO'),
 ('MGA3','A-SIN-INFO'),
 ('MGA4','A-SIN-INFO'),
 ('MGB','A-SIN-INFO'),
 ('MGC','A-SIN-INFO'),
 ('MGD','A-SIN-INFO'),
 ('MGJ','A-SIN-INFO'),
 ('MGT','A-SIN-INFO'),
 ('MGU','A-SIN-INFO'),
 ('MH4','A-SIN-INFO'),
 ('MHA','A-SIN-INFO'),
 ('MHA2','A-SIN-INFO'),
 ('MHA3','A-SIN-INFO'),
 ('MHA4','A-SIN-INFO'),
 ('MHB','A-SIN-INFO'),
 ('MHC','A-SIN-INFO'),
 ('MHD','A-SIN-INFO'),
 ('MHE','A-SIN-INFO'),
 ('MHF','A-SIN-INFO'),
 ('MHG','A-SIN-INFO'),
 ('MIA2','A-SIN-INFO'),
 ('MIA3','A-SIN-INFO'),
 ('MIA4','A-SIN-INFO'),
 ('MJ1','A-SIN-INFO'),
 ('MJ2','A-SIN-INFO'),
 ('MJA','A-SIN-INFO'),
 ('MJB','A-SIN-INFO'),
 ('MJC','A-SIN-INFO'),
 ('MJD','A-SIN-INFO'),
 ('MJE','A-SIN-INFO'),
 ('MK1','A-SIN-INFO'),
 ('MK3','A-SIN-INFO'),
 ('MKA','A-SIN-INFO'),
 ('MKB','A-SIN-INFO'),
 ('MKC','A-SIN-INFO'),
 ('MKD','A-SIN-INFO'),
 ('MKE','A-SIN-INFO'),
 ('MKF','A-SIN-INFO'),
 ('MMA1','A-SIN-INFO'),
 ('MN8','A-SIN-INFO'),
 ('MN9','A-SIN-INFO'),
 ('MPA','A-SIN-INFO'),
 ('MPB','A-SIN-INFO'),
 ('MPC','A-SIN-INFO'),
 ('MPC2','A-SIN-INFO'),
 ('MPD','A-SIN-INFO'),
 ('MQ1','A-SIN-INFO'),
 ('MQ2','A-SIN-INFO'),
 ('MQA','A-SIN-INFO'),
 ('MQB','A-SIN-INFO'),
 ('MQC','A-SIN-INFO'),
 ('MQD','A-SIN-INFO'),
 ('MRA4','A-SIN-INFO'),
 ('MS1','A-SIN-INFO'),
 ('MS2','A-SIN-INFO'),
 ('MS3','A-SIN-INFO'),
 ('MS4','A-SIN-INFO'),
 ('MS5','A-SIN-INFO'),
 ('MS6','A-SIN-INFO'),
 ('MS7','A-SIN-INFO'),
 ('MSD','A-SIN-INFO'),
 ('MSE','A-SIN-INFO'),
 ('MSF','A-SIN-INFO'),
 ('MSG','A-SIN-INFO'),
 ('MSH','A-SIN-INFO'),
 ('MSJ','A-SIN-INFO'),
 ('MSR','A-SIN-INFO'),
 ('MST','A-SIN-INFO'),
 ('MSU','A-SIN-INFO'),
 ('MSV','A-SIN-INFO'),
 ('MT4','A-SIN-INFO'),
 ('MT5','A-SIN-INFO'),
 ('MU3','A-SIN-INFO'),
 ('MU5','A-SIN-INFO'),
 ('MU6','A-SIN-INFO'),
 ('MV1','A-SIN-INFO'),
 ('MV2','A-SIN-INFO'),
 ('MV3','A-SIN-INFO'),
 ('MV4','A-SIN-INFO'),
 ('MV5','A-SIN-INFO'),
 ('MV6','A-SIN-INFO'),
 ('N0A0','A-SIN-INFO'),
 ('N1A1','A-SIN-INFO'),
 ('N1A2','A-SIN-INFO'),
 ('N1A3','A-SIN-INFO'),
 ('N1A4','A-SIN-INFO'),
 ('N1A5','A-SIN-INFO'),
 ('N1U4','A-SIN-INFO'),
 ('N2A1','A-SIN-INFO'),
 ('N2A2','A-SIN-INFO'),
 ('N2A3','A-SIN-INFO'),
 ('N2A4','A-SIN-INFO'),
 ('N2A5','A-SIN-INFO'),
 ('N2U4','A-SIN-INFO'),
 ('N3A1','A-SIN-INFO'),
 ('N3A2','A-SIN-INFO'),
 ('N3A3','A-SIN-INFO'),
 ('N3A4','A-SIN-INFO'),
 ('N3A5','A-SIN-INFO'),
 ('N3U4','A-SIN-INFO'),
 ('N4A0','A-SIN-INFO'),
 ('N4A1','A-SIN-INFO'),
 ('N4A2','A-SIN-INFO'),
 ('N4A3','A-SIN-INFO'),
 ('N4A4','A-SIN-INFO'),
 ('N4A5','A-SIN-INFO'),
 ('N4A6','A-SIN-INFO'),
 ('N4U4','A-SIN-INFO'),
 ('N5A1','A-SIN-INFO'),
 ('N5A2','A-SIN-INFO'),
 ('N5A3','A-SIN-INFO'),
 ('N5A4','A-SIN-INFO'),
 ('N5A5','A-SIN-INFO'),
 ('N5U4','A-SIN-INFO'),
 ('N611','A-SIN-INFO'),
 ('N612','A-SIN-INFO'),
 ('N613','A-SIN-INFO'),
 ('N621','A-SIN-INFO'),
 ('N622','A-SIN-INFO'),
 ('N623','A-SIN-INFO'),
 ('N6A1','A-SIN-INFO'),
 ('N6A2','A-SIN-INFO'),
 ('N6A3','A-SIN-INFO'),
 ('N6A4','A-SIN-INFO'),
 ('N6A5','A-SIN-INFO'),
 ('N6Z1','A-SIN-INFO'),
 ('N6Z2','A-SIN-INFO'),
 ('N7A1','A-SIN-INFO'),
 ('N7A2','A-SIN-INFO'),
 ('N7A3','A-SIN-INFO'),
 ('N7A4','A-SIN-INFO'),
 ('N7A5','A-SIN-INFO'),
 ('N7A6','A-SIN-INFO'),
 ('N7U4','A-SIN-INFO'),
 ('N8A2','A-SIN-INFO'),
 ('N8A3','A-SIN-INFO'),
 ('N8A4','A-SIN-INFO'),
 ('N8A5','A-SIN-INFO'),
 ('N8B3','A-SIN-INFO'),
 ('N9A2','A-SIN-INFO'),
 ('N9A3','A-SIN-INFO'),
 ('N9A4','A-SIN-INFO'),
 ('N9A5','A-SIN-INFO'),
 ('N9B3','A-SIN-INFO'),
 ('NAA2','A-SIN-INFO'),
 ('NAA3','A-SIN-INFO'),
 ('NAA4','A-SIN-INFO'),
 ('NBA2','A-SIN-INFO'),
 ('NBA3','A-SIN-INFO'),
 ('NBA4','A-SIN-INFO'),
 ('NBA5','A-SIN-INFO'),
 ('NCA2','A-SIN-INFO'),
 ('NCA3','A-SIN-INFO'),
 ('NCA4','A-SIN-INFO'),
 ('NCA5','A-SIN-INFO'),
 ('NDA2','A-SIN-INFO'),
 ('NDA3','A-SIN-INFO'),
 ('NDA4','A-SIN-INFO'),
 ('NDA5','A-SIN-INFO'),
 ('NEA2','A-SIN-INFO'),
 ('NEA3','A-SIN-INFO'),
 ('NEA4','A-SIN-INFO'),
 ('NEA5','A-SIN-INFO'),
 ('NFA2','A-SIN-INFO'),
 ('NFA3','A-SIN-INFO'),
 ('NFA4','A-SIN-INFO'),
 ('NFA5','A-SIN-INFO'),
 ('NFA9','A-SIN-INFO'),
 ('NGA2','A-SIN-INFO'),
 ('NGA3','A-SIN-INFO'),
 ('NGA4','A-SIN-INFO'),
 ('NGA5','A-SIN-INFO'),
 ('NGB2','A-SIN-INFO'),
 ('NHA2','A-SIN-INFO'),
 ('NHA3','A-SIN-INFO'),
 ('NHA4','A-SIN-INFO'),
 ('NHA5','A-SIN-INFO'),
 ('NIA2','A-SIN-INFO'),
 ('NIA3','A-SIN-INFO'),
 ('NIA4','A-SIN-INFO'),
 ('NJA2','A-SIN-INFO'),
 ('NJA3','A-SIN-INFO'),
 ('NJA4','A-SIN-INFO'),
 ('NJA5','A-SIN-INFO'),
 ('NJD8','A-SIN-INFO'),
 ('NKA2','A-SIN-INFO'),
 ('NKA3','A-SIN-INFO'),
 ('NKA4','A-SIN-INFO'),
 ('NKA5','A-SIN-INFO'),
 ('NSQ','A-SIN-INFO'),
 ('NU3','A-SIN-INFO'),
 ('NU5','A-SIN-INFO'),
 ('NU6','A-SIN-INFO'),
 ('NV1','A-SIN-INFO'),
 ('NV4','A-SIN-INFO'),
 ('NV5','A-SIN-INFO'),
 ('P1A2','A-SIN-INFO'),
 ('P1A3','A-SIN-INFO'),
 ('P1A4','A-SIN-INFO'),
 ('P1A5','A-SIN-INFO'),
 ('P1A7','A-SIN-INFO'),
 ('P2012017','A-SIN-INFO'),
 ('P2012019','A-SIN-INFO'),
 ('P2022017E','A-SIN-INFO'),
 ('P2032017E','A-SIN-INFO'),
 ('P2032019E','A-SIN-INFO'),
 ('P2042017E','A-SIN-INFO'),
 ('P211','A-SIN-INFO'),
 ('P212','A-SIN-INFO'),
 ('P213','A-SIN-INFO'),
 ('P221','A-SIN-INFO'),
 ('P222','A-SIN-INFO'),
 ('P223','A-SIN-INFO'),
 ('P2A2','A-SIN-INFO'),
 ('P2A3','A-SIN-INFO'),
 ('P2A4','A-SIN-INFO'),
 ('P2A5','A-SIN-INFO'),
 ('P2A7','A-SIN-INFO'),
 ('P2Z1','A-SIN-INFO'),
 ('P2Z2','A-SIN-INFO'),
 ('P32017','A-SIN-INFO'),
 ('P32019','A-SIN-INFO'),
 ('P3A2','A-SIN-INFO'),
 ('P3A3','A-SIN-INFO'),
 ('P3A4','A-SIN-INFO'),
 ('P3A5','A-SIN-INFO'),
 ('P3A7','A-SIN-INFO'),
 ('P3F2017','A-SIN-INFO'),
 ('P3F2018','A-SIN-INFO'),
 ('P3F2019','A-SIN-INFO'),
 ('P42017','A-SIN-INFO'),
 ('P42019','A-SIN-INFO'),
 ('P4A2','A-SIN-INFO'),
 ('P4A3','A-SIN-INFO'),
 ('P4A4','A-SIN-INFO'),
 ('P4A5','A-SIN-INFO'),
 ('P4A7','A-SIN-INFO'),
 ('P4F2017','A-SIN-INFO'),
 ('P4F2019','A-SIN-INFO'),
 ('P52017','A-SIN-INFO'),
 ('P52019','A-SIN-INFO'),
 ('P5A2','A-SIN-INFO'),
 ('P5A3','A-SIN-INFO'),
 ('P5A4','A-SIN-INFO'),
 ('P5F2017','A-SIN-INFO'),
 ('P5F2018','A-SIN-INFO'),
 ('P5F2019','A-SIN-INFO'),
 ('P62017','A-SIN-INFO'),
 ('P62019','A-SIN-INFO'),
 ('P6A2','A-SIN-INFO'),
 ('P6A3','A-SIN-INFO'),
 ('P6A4','A-SIN-INFO'),
 ('P6F2017','A-SIN-INFO'),
 ('P6F2018','A-SIN-INFO'),
 ('P6F2019','A-SIN-INFO'),
 ('P72017','A-SIN-INFO'),
 ('P72019','A-SIN-INFO'),
 ('P7A2','A-SIN-INFO'),
 ('P7A3','A-SIN-INFO'),
 ('P7A4','A-SIN-INFO'),
 ('P7F2017','A-SIN-INFO'),
 ('P7F2018','A-SIN-INFO'),
 ('P7F2019','A-SIN-INFO'),
 ('P82017','A-SIN-INFO'),
 ('P82019','A-SIN-INFO'),
 ('P8A2','A-SIN-INFO'),
 ('P8A3','A-SIN-INFO'),
 ('P8A4','A-SIN-INFO'),
 ('P8F2017','A-SIN-INFO'),
 ('P8F2018','A-SIN-INFO'),
 ('P8F2019','A-SIN-INFO'),
 ('P9A2','A-SIN-INFO'),
 ('P9A4','A-SIN-INFO'),
 ('PAA2','A-SIN-INFO'),
 ('PAA3','A-SIN-INFO'),
 ('PAA4','A-SIN-INFO'),
 ('PBA2','A-SIN-INFO'),
 ('PBA3','A-SIN-INFO'),
 ('PBA4','A-SIN-INFO'),
 ('PCA2','A-SIN-INFO'),
 ('PCA3','A-SIN-INFO'),
 ('PCA4','A-SIN-INFO'),
 ('PDA2','A-SIN-INFO'),
 ('PDA3','A-SIN-INFO'),
 ('PDA4','A-SIN-INFO'),
 ('PH1','A-SIN-INFO'),
 ('PH2','A-SIN-INFO'),
 ('PIA9','A-SIN-INFO'),
 ('PJ1','A-SIN-INFO'),
 ('PJ2','A-SIN-INFO'),
 ('PK1','A-SIN-INFO'),
 ('PK2','A-SIN-INFO'),
 ('PM2017','A-SIN-INFO'),
 ('PMF2017','A-SIN-INFO'),
 ('PQ1','A-SIN-INFO'),
 ('PQ2','A-SIN-INFO'),
 ('prue','A-SIN-INFO'),
 ('pruo','A-SIN-INFO'),
 ('Q1A2','A-SIN-INFO'),
 ('Q1A3','A-SIN-INFO'),
 ('Q1A4','A-SIN-INFO'),
 ('Q1A5','A-SIN-INFO'),
 ('Q1A6','A-SIN-INFO'),
 ('Q1A7','A-SIN-INFO'),
 ('Q1B3','A-SIN-INFO'),
 ('Q1B4','A-SIN-INFO'),
 ('Q1B5','A-SIN-INFO'),
 ('Q1B7','A-SIN-INFO'),
 ('Q2A2','A-SIN-INFO'),
 ('Q2A3','A-SIN-INFO'),
 ('Q2A4','A-SIN-INFO'),
 ('Q2A5','A-SIN-INFO'),
 ('Q2A6','A-SIN-INFO'),
 ('Q2A7','A-SIN-INFO'),
 ('Q2B3','A-SIN-INFO'),
 ('Q2B4','A-SIN-INFO'),
 ('Q2B5','A-SIN-INFO'),
 ('Q2B7','A-SIN-INFO'),
 ('Q2C4','A-SIN-INFO'),
 ('Q2D4','A-SIN-INFO'),
 ('Q3A2','A-SIN-INFO'),
 ('Q3A3','A-SIN-INFO'),
 ('Q3A4','A-SIN-INFO'),
 ('Q3A5','A-SIN-INFO'),
 ('Q3A6','A-SIN-INFO'),
 ('Q3B4','A-SIN-INFO'),
 ('Q3B5','A-SIN-INFO'),
 ('Q4A2','A-SIN-INFO'),
 ('Q4A3','A-SIN-INFO'),
 ('Q4A4','A-SIN-INFO'),
 ('Q4A5','A-SIN-INFO'),
 ('Q4A6','A-SIN-INFO'),
 ('Q4B4','A-SIN-INFO'),
 ('Q4B5','A-SIN-INFO'),
 ('Q4C4','A-SIN-INFO'),
 ('Q5A7','A-SIN-INFO'),
 ('Q5B7','A-SIN-INFO'),
 ('Q5C7','A-SIN-INFO'),
 ('Q5D7','A-SIN-INFO'),
 ('Q5E7','A-SIN-INFO'),
 ('Q5F7','A-SIN-INFO'),
 ('Q5G7','A-SIN-INFO'),
 ('QAA2','A-SIN-INFO'),
 ('QAA3','A-SIN-INFO'),
 ('QAA4','A-SIN-INFO'),
 ('QAA5','A-SIN-INFO'),
 ('QAA6','A-SIN-INFO'),
 ('QAB3','A-SIN-INFO'),
 ('QAB5','A-SIN-INFO'),
 ('QAC3','A-SIN-INFO'),
 ('QBA2','A-SIN-INFO'),
 ('QBA3','A-SIN-INFO'),
 ('QBA4','A-SIN-INFO'),
 ('QBA5','A-SIN-INFO'),
 ('QBA6','A-SIN-INFO'),
 ('QBB3','A-SIN-INFO'),
 ('QBB5','A-SIN-INFO'),
 ('QBC3','A-SIN-INFO'),
 ('QCA2','A-SIN-INFO'),
 ('QCA3','A-SIN-INFO'),
 ('QCA4','A-SIN-INFO'),
 ('QCA5','A-SIN-INFO'),
 ('QCA6','A-SIN-INFO'),
 ('QCB2','A-SIN-INFO'),
 ('QCB5','A-SIN-INFO'),
 ('QCC3','A-SIN-INFO'),
 ('QDA2','A-SIN-INFO'),
 ('QDA3','A-SIN-INFO'),
 ('QDA4','A-SIN-INFO'),
 ('QDA5','A-SIN-INFO'),
 ('QDA6','A-SIN-INFO'),
 ('QDB5','A-SIN-INFO'),
 ('QDC3','A-SIN-INFO'),
 ('QZB3','A-SIN-INFO'),
 ('R1A2','A-SIN-INFO'),
 ('R1A3','A-SIN-INFO'),
 ('R2A2','A-SIN-INFO'),
 ('R2A3','A-SIN-INFO'),
 ('R3A2','A-SIN-INFO'),
 ('R3A3','A-SIN-INFO'),
 ('R4A2','A-SIN-INFO'),
 ('R4A3','A-SIN-INFO'),
 ('R5A2','A-SIN-INFO'),
 ('R5A3','A-SIN-INFO'),
 ('R6A2','A-SIN-INFO'),
 ('R6A3','A-SIN-INFO'),
 ('R7A2','A-SIN-INFO'),
 ('R7A3','A-SIN-INFO'),
 ('R8A2','A-SIN-INFO'),
 ('R8A3','A-SIN-INFO'),
 ('RAA2','A-SIN-INFO'),
 ('RAA3','A-SIN-INFO'),
 ('RAA5','A-SIN-INFO'),
 ('RBA2','A-SIN-INFO'),
 ('RBA3','A-SIN-INFO'),
 ('RBA5','A-SIN-INFO'),
 ('RCA2','A-SIN-INFO'),
 ('RCA3','A-SIN-INFO'),
 ('RCA5','A-SIN-INFO'),
 ('RDA2','A-SIN-INFO'),
 ('RDA3','A-SIN-INFO'),
 ('RDA5','A-SIN-INFO'),
 ('REA2','A-SIN-INFO'),
 ('REA3','A-SIN-INFO'),
 ('REA5','A-SIN-INFO'),
 ('S1A0','A-SIN-INFO'),
 ('S1A1','A-SIN-INFO'),
 ('S1A2','A-SIN-INFO'),
 ('S1A3','A-SIN-INFO'),
 ('S1A4','A-SIN-INFO'),
 ('S2A0','A-SIN-INFO'),
 ('S2A1','A-SIN-INFO'),
 ('S2A2','A-SIN-INFO'),
 ('S2A3','A-SIN-INFO'),
 ('S2A4','A-SIN-INFO'),
 ('S3A2','A-SIN-INFO'),
 ('S3A3','A-SIN-INFO'),
 ('S3A4','A-SIN-INFO'),
 ('S4A2','A-SIN-INFO'),
 ('S4A3','A-SIN-INFO'),
 ('S4A4','A-SIN-INFO'),
 ('S5A2','A-SIN-INFO'),
 ('S5A3','A-SIN-INFO'),
 ('S5A4','A-SIN-INFO'),
 ('S6A2','A-SIN-INFO'),
 ('S6A3','A-SIN-INFO'),
 ('S6A4','A-SIN-INFO'),
 ('S6U4','A-SIN-INFO'),
 ('S7A2','A-SIN-INFO'),
 ('S7A3','A-SIN-INFO'),
 ('S7A4','A-SIN-INFO'),
 ('S8A2','A-SIN-INFO'),
 ('S8A3','A-SIN-INFO'),
 ('S8A4','A-SIN-INFO'),
 ('SAA2','A-SIN-INFO'),
 ('SAA3','A-SIN-INFO'),
 ('SAA4','A-SIN-INFO'),
 ('SBA2','A-SIN-INFO'),
 ('SBA3','A-SIN-INFO'),
 ('SBA4','A-SIN-INFO'),
 ('SBA5','A-SIN-INFO'),
 ('SCA2','A-SIN-INFO'),
 ('SCA3','A-SIN-INFO'),
 ('SCA4','A-SIN-INFO'),
 ('SCA5','A-SIN-INFO'),
 ('SD11','A-SIN-INFO'),
 ('SD12','A-SIN-INFO'),
 ('SD13','A-SIN-INFO'),
 ('SD21','A-SIN-INFO'),
 ('SD22','A-SIN-INFO'),
 ('SD23','A-SIN-INFO'),
 ('SDA2','A-SIN-INFO'),
 ('SDA3','A-SIN-INFO'),
 ('SDA4','A-SIN-INFO'),
 ('SDA5','A-SIN-INFO'),
 ('SDZ1','A-SIN-INFO'),
 ('SDZ2','A-SIN-INFO'),
 ('SE11','A-SIN-INFO'),
 ('SE12','A-SIN-INFO'),
 ('SE13','A-SIN-INFO'),
 ('SE21','A-SIN-INFO'),
 ('SE22','A-SIN-INFO'),
 ('SE23','A-SIN-INFO'),
 ('SEA2','A-SIN-INFO'),
 ('SEA3','A-SIN-INFO'),
 ('SEA4','A-SIN-INFO'),
 ('SEA5','A-SIN-INFO'),
 ('SEZ1','A-SIN-INFO'),
 ('SEZ2','A-SIN-INFO'),
 ('SFA2','A-SIN-INFO'),
 ('SFA3','A-SIN-INFO'),
 ('SFA4','A-SIN-INFO'),
 ('SFA5','A-SIN-INFO'),
 ('SFB3','A-SIN-INFO'),
 ('SG11','A-SIN-INFO'),
 ('SG12','A-SIN-INFO'),
 ('SG13','A-SIN-INFO'),
 ('SG21','A-SIN-INFO'),
 ('SG22','A-SIN-INFO'),
 ('SG23','A-SIN-INFO'),
 ('SGA2','A-SIN-INFO'),
 ('SGA3','A-SIN-INFO'),
 ('SGA4','A-SIN-INFO'),
 ('SGA5','A-SIN-INFO'),
 ('SGB3','A-SIN-INFO'),
 ('SGZ1','A-SIN-INFO'),
 ('SGZ2','A-SIN-INFO'),
 ('SHA2','A-SIN-INFO'),
 ('SHA3','A-SIN-INFO'),
 ('SHA4','A-SIN-INFO'),
 ('SHB3','A-SIN-INFO'),
 ('SIA2','A-SIN-INFO'),
 ('SIA3','A-SIN-INFO'),
 ('SIA4','A-SIN-INFO'),
 ('SIM0','A-SIN-INFO'),
 ('SJ11','A-SIN-INFO'),
 ('SJ12','A-SIN-INFO'),
 ('SJ13','A-SIN-INFO'),
 ('SJ21','A-SIN-INFO'),
 ('SJ22','A-SIN-INFO'),
 ('SJ23','A-SIN-INFO'),
 ('SJA2','A-SIN-INFO'),
 ('SJA3','A-SIN-INFO'),
 ('SJA4','A-SIN-INFO'),
 ('SJA5','A-SIN-INFO'),
 ('SJB3','A-SIN-INFO'),
 ('SJZ1','A-SIN-INFO'),
 ('SJZ2','A-SIN-INFO'),
 ('SM61','A-SIN-INFO'),
 ('SPA2','A-SIN-INFO'),
 ('SPA3','A-SIN-INFO'),
 ('SPA5','A-SIN-INFO'),
 ('SQA2','A-SIN-INFO'),
 ('SQA3','A-SIN-INFO'),
 ('SQA5','A-SIN-INFO'),
 ('SQB2','A-SIN-INFO'),
 ('SQC3','A-SIN-INFO'),
 ('SR11','A-SIN-INFO'),
 ('SR12','A-SIN-INFO'),
 ('SR13','A-SIN-INFO'),
 ('SR21','A-SIN-INFO'),
 ('SR22','A-SIN-INFO'),
 ('SR23','A-SIN-INFO'),
 ('SRA2','A-SIN-INFO'),
 ('SRA3','A-SIN-INFO'),
 ('SRA4','A-SIN-INFO'),
 ('SRA5','A-SIN-INFO'),
 ('SRZ1','A-SIN-INFO'),
 ('SRZ2','A-SIN-INFO'),
 ('SS11','A-SIN-INFO'),
 ('SS12','A-SIN-INFO'),
 ('SS13','A-SIN-INFO'),
 ('SS21','A-SIN-INFO'),
 ('SS22','A-SIN-INFO'),
 ('SS23','A-SIN-INFO'),
 ('SSA2','A-SIN-INFO'),
 ('SSA3','A-SIN-INFO'),
 ('SSA5','A-SIN-INFO'),
 ('SSB2','A-SIN-INFO'),
 ('SSZ1','A-SIN-INFO'),
 ('SSZ2','A-SIN-INFO'),
 ('STA2','A-SIN-INFO'),
 ('STA3','A-SIN-INFO'),
 ('STB3','A-SIN-INFO'),
 ('SUA2','A-SIN-INFO'),
 ('SUA3','A-SIN-INFO'),
 ('SUB3','A-SIN-INFO'),
 ('SVA2','A-SIN-INFO'),
 ('SVA3','A-SIN-INFO'),
 ('SVA4','A-SIN-INFO'),
 ('SWA2','A-SIN-INFO'),
 ('SWA3','A-SIN-INFO'),
 ('SWA5','A-SIN-INFO'),
 ('T1A1','A-SIN-INFO'),
 ('T1A2','A-SIN-INFO'),
 ('T1A3','A-SIN-INFO'),
 ('T1A4','A-SIN-INFO'),
 ('T1A7','A-SIN-INFO'),
 ('T2A1','A-SIN-INFO'),
 ('T2A2','A-SIN-INFO'),
 ('T2A3','A-SIN-INFO'),
 ('T2A4','A-SIN-INFO'),
 ('T2A7','A-SIN-INFO'),
 ('T3A1','A-SIN-INFO'),
 ('T3A2','A-SIN-INFO'),
 ('T3A3','A-SIN-INFO'),
 ('T3A4','A-SIN-INFO'),
 ('T3A7','A-SIN-INFO'),
 ('T4A1','A-SIN-INFO'),
 ('T4A2','A-SIN-INFO'),
 ('T4A3','A-SIN-INFO'),
 ('T4A4','A-SIN-INFO'),
 ('T4A7','A-SIN-INFO'),
 ('T5A2','A-SIN-INFO'),
 ('T5A3','A-SIN-INFO'),
 ('T5A4','A-SIN-INFO'),
 ('TAA2','A-SIN-INFO'),
 ('TAA3','A-SIN-INFO'),
 ('TAA4','A-SIN-INFO'),
 ('TAA5','A-SIN-INFO'),
 ('TAB2','A-SIN-INFO'),
 ('TB1','A-SIN-INFO'),
 ('TB2','A-SIN-INFO'),
 ('TB3','A-SIN-INFO'),
 ('TB4','A-SIN-INFO'),
 ('TB5','A-SIN-INFO'),
 ('TB6','A-SIN-INFO'),
 ('TBA2','A-SIN-INFO'),
 ('TBA3','A-SIN-INFO'),
 ('TBA4','A-SIN-INFO'),
 ('TBA5','A-SIN-INFO'),
 ('TBI','A-SIN-INFO'),
 ('TC1','A-SIN-INFO'),
 ('TC2','A-SIN-INFO'),
 ('TC3','A-SIN-INFO'),
 ('TC4','A-SIN-INFO'),
 ('TC5','A-SIN-INFO'),
 ('TC6','A-SIN-INFO'),
 ('TC7','A-SIN-INFO'),
 ('TC8','A-SIN-INFO'),
 ('TC9','A-SIN-INFO'),
 ('TCA2','A-SIN-INFO'),
 ('TCA3','A-SIN-INFO'),
 ('TCA4','A-SIN-INFO'),
 ('TCA5','A-SIN-INFO'),
 ('TCV','A-SIN-INFO'),
 ('TCW','A-SIN-INFO'),
 ('TCX','A-SIN-INFO'),
 ('TCY','A-SIN-INFO'),
 ('TCZ','A-SIN-INFO'),
 ('TD1','A-SIN-INFO'),
 ('TD2','A-SIN-INFO'),
 ('TD3','A-SIN-INFO'),
 ('TD4','A-SIN-INFO'),
 ('TD5','A-SIN-INFO'),
 ('TD6','A-SIN-INFO'),
 ('TDU','A-SIN-INFO'),
 ('TDX','A-SIN-INFO'),
 ('TDZ','A-SIN-INFO'),
 ('TE1','A-SIN-INFO'),
 ('TE2','A-SIN-INFO'),
 ('TE3','A-SIN-INFO'),
 ('TE4','A-SIN-INFO'),
 ('TE5','A-SIN-INFO'),
 ('TE6','A-SIN-INFO'),
 ('TE7','A-SIN-INFO'),
 ('TE8','A-SIN-INFO'),
 ('TEX','A-SIN-INFO'),
 ('TEY','A-SIN-INFO'),
 ('TEZ','A-SIN-INFO'),
 ('TF1','A-SIN-INFO'),
 ('TF2','A-SIN-INFO'),
 ('TF3','A-SIN-INFO'),
 ('TF4','A-SIN-INFO'),
 ('TF5','A-SIN-INFO'),
 ('TF6','A-SIN-INFO'),
 ('TF7','A-SIN-INFO'),
 ('TF8','A-SIN-INFO'),
 ('TFB','A-SIN-INFO'),
 ('TFD','A-SIN-INFO'),
 ('TFE','A-SIN-INFO'),
 ('TFP','A-SIN-INFO'),
 ('TFX','A-SIN-INFO'),
 ('TFZ','A-SIN-INFO'),
 ('TG1','A-SIN-INFO'),
 ('TG2','A-SIN-INFO'),
 ('TG3','A-SIN-INFO'),
 ('TG4','A-SIN-INFO'),
 ('TG5','A-SIN-INFO'),
 ('TG6','A-SIN-INFO'),
 ('TG7','A-SIN-INFO'),
 ('TG8','A-SIN-INFO'),
 ('TG9','A-SIN-INFO'),
 ('TGA','A-SIN-INFO'),
 ('TGB','A-SIN-INFO'),
 ('TGD','A-SIN-INFO'),
 ('TGI','A-SIN-INFO'),
 ('TGU','A-SIN-INFO'),
 ('TGV','A-SIN-INFO'),
 ('TGW','A-SIN-INFO'),
 ('TGX','A-SIN-INFO'),
 ('TGY','A-SIN-INFO'),
 ('TGZ','A-SIN-INFO'),
 ('TMA','A-SIN-INFO'),
 ('TMB','A-SIN-INFO'),
 ('TMC','A-SIN-INFO'),
 ('TMD','A-SIN-INFO'),
 ('TME','A-SIN-INFO'),
 ('TMF','A-SIN-INFO'),
 ('TMG','A-SIN-INFO'),
 ('TMH','A-SIN-INFO'),
 ('TMI','A-SIN-INFO'),
 ('TN1','A-SIN-INFO'),
 ('TN2','A-SIN-INFO'),
 ('TN3','A-SIN-INFO'),
 ('TN4','A-SIN-INFO'),
 ('TN5','A-SIN-INFO'),
 ('TN6','A-SIN-INFO'),
 ('TN7','A-SIN-INFO'),
 ('TN8','A-SIN-INFO'),
 ('TN9','A-SIN-INFO'),
 ('TNA','A-SIN-INFO'),
 ('TNE','A-SIN-INFO'),
 ('TNF','A-SIN-INFO'),
 ('TNG','A-SIN-INFO'),
 ('TNH','A-SIN-INFO'),
 ('TNI','A-SIN-INFO'),
 ('TNJ','A-SIN-INFO'),
 ('TNK','A-SIN-INFO'),
 ('TP1','A-SIN-INFO'),
 ('TP2','A-SIN-INFO'),
 ('TP3','A-SIN-INFO'),
 ('TP4','A-SIN-INFO'),
 ('TP5','A-SIN-INFO'),
 ('TP6','A-SIN-INFO'),
 ('TP7','A-SIN-INFO'),
 ('TP8','A-SIN-INFO'),
 ('TPA','A-SIN-INFO'),
 ('TPB','A-SIN-INFO'),
 ('TPC','A-SIN-INFO'),
 ('TPD','A-SIN-INFO'),
 ('TS1','A-SIN-INFO'),
 ('TS2','A-SIN-INFO'),
 ('TS3','A-SIN-INFO'),
 ('TS4','A-SIN-INFO'),
 ('TS5','A-SIN-INFO'),
 ('TS6','A-SIN-INFO'),
 ('TS7','A-SIN-INFO'),
 ('TS8','A-SIN-INFO'),
 ('TSA','A-SIN-INFO'),
 ('TSB','A-SIN-INFO'),
 ('TSC','A-SIN-INFO'),
 ('TSD','A-SIN-INFO'),
 ('TSE','A-SIN-INFO'),
 ('TSF','A-SIN-INFO'),
 ('TSG','A-SIN-INFO'),
 ('TSH','A-SIN-INFO'),
 ('TSI','A-SIN-INFO'),
 ('TSP','A-SIN-INFO'),
 ('TSS','A-SIN-INFO'),
 ('TSW','A-SIN-INFO'),
 ('TT1','A-SIN-INFO'),
 ('TT2','A-SIN-INFO'),
 ('TT3','A-SIN-INFO'),
 ('TT4','A-SIN-INFO'),
 ('TT5','A-SIN-INFO'),
 ('TTA','A-SIN-INFO'),
 ('TTB','A-SIN-INFO'),
 ('TTC','A-SIN-INFO'),
 ('TU1','A-SIN-INFO'),
 ('TU2','A-SIN-INFO'),
 ('U111','A-SIN-INFO'),
 ('U112','A-SIN-INFO'),
 ('U113','A-SIN-INFO'),
 ('U121','A-SIN-INFO'),
 ('U122','A-SIN-INFO'),
 ('U123','A-SIN-INFO'),
 ('U141','A-SIN-INFO'),
 ('U142','A-SIN-INFO'),
 ('U143','A-SIN-INFO'),
 ('U144','A-SIN-INFO'),
 ('U145','A-SIN-INFO'),
 ('U146','A-SIN-INFO'),
 ('U147','A-SIN-INFO'),
 ('U148','A-SIN-INFO'),
 ('U1A1','A-SIN-INFO'),
 ('U1A2','A-SIN-INFO'),
 ('U1A3','A-SIN-INFO'),
 ('U1I','A-SIN-INFO'),
 ('U1Z1','A-SIN-INFO'),
 ('U1Z2','A-SIN-INFO'),
 ('U1Z4','A-SIN-INFO'),
 ('U211','A-SIN-INFO'),
 ('U212','A-SIN-INFO'),
 ('U213','A-SIN-INFO'),
 ('U221','A-SIN-INFO'),
 ('U222','A-SIN-INFO'),
 ('U223','A-SIN-INFO'),
 ('U241','A-SIN-INFO'),
 ('U242','A-SIN-INFO'),
 ('U243','A-SIN-INFO'),
 ('U244','A-SIN-INFO'),
 ('U245','A-SIN-INFO'),
 ('U246','A-SIN-INFO'),
 ('U247','A-SIN-INFO'),
 ('U248','A-SIN-INFO'),
 ('U2A1','A-SIN-INFO'),
 ('U2A2','A-SIN-INFO'),
 ('U2A3','A-SIN-INFO'),
 ('U2I','A-SIN-INFO'),
 ('U2Z1','A-SIN-INFO'),
 ('U2Z2','A-SIN-INFO'),
 ('U2Z4','A-SIN-INFO'),
 ('U311','A-SIN-INFO'),
 ('U312','A-SIN-INFO'),
 ('U313','A-SIN-INFO'),
 ('U321','A-SIN-INFO'),
 ('U322','A-SIN-INFO'),
 ('U323','A-SIN-INFO'),
 ('U341','A-SIN-INFO'),
 ('U342','A-SIN-INFO'),
 ('U343','A-SIN-INFO'),
 ('U344','A-SIN-INFO'),
 ('U345','A-SIN-INFO'),
 ('U346','A-SIN-INFO'),
 ('U347','A-SIN-INFO'),
 ('U348','A-SIN-INFO'),
 ('U3A1','A-SIN-INFO'),
 ('U3A2','A-SIN-INFO'),
 ('U3A3','A-SIN-INFO'),
 ('U3B3','A-SIN-INFO'),
 ('U3C3','A-SIN-INFO'),
 ('U3I','A-SIN-INFO'),
 ('U3Z1','A-SIN-INFO'),
 ('U3Z2','A-SIN-INFO'),
 ('U3Z4','A-SIN-INFO'),
 ('U411','A-SIN-INFO'),
 ('U412','A-SIN-INFO'),
 ('U413','A-SIN-INFO'),
 ('U421','A-SIN-INFO'),
 ('U422','A-SIN-INFO'),
 ('U423','A-SIN-INFO'),
 ('U441','A-SIN-INFO'),
 ('U442','A-SIN-INFO'),
 ('U443','A-SIN-INFO'),
 ('U444','A-SIN-INFO'),
 ('U445','A-SIN-INFO'),
 ('U446','A-SIN-INFO'),
 ('U447','A-SIN-INFO'),
 ('U448','A-SIN-INFO'),
 ('U4A1','A-SIN-INFO'),
 ('U4A2','A-SIN-INFO'),
 ('U4A3','A-SIN-INFO'),
 ('U4I','A-SIN-INFO'),
 ('U4Z1','A-SIN-INFO'),
 ('U4Z2','A-SIN-INFO'),
 ('U4Z4','A-SIN-INFO'),
 ('U511','A-SIN-INFO'),
 ('U512','A-SIN-INFO'),
 ('U513','A-SIN-INFO'),
 ('U521','A-SIN-INFO'),
 ('U522','A-SIN-INFO'),
 ('U523','A-SIN-INFO'),
 ('U541','A-SIN-INFO'),
 ('U542','A-SIN-INFO'),
 ('U543','A-SIN-INFO'),
 ('U544','A-SIN-INFO'),
 ('U545','A-SIN-INFO'),
 ('U546','A-SIN-INFO'),
 ('U547','A-SIN-INFO'),
 ('U548','A-SIN-INFO'),
 ('U5A1','A-SIN-INFO'),
 ('U5A2','A-SIN-INFO'),
 ('U5A3','A-SIN-INFO'),
 ('U5B3','A-SIN-INFO'),
 ('U5C3','A-SIN-INFO'),
 ('U5I','A-SIN-INFO'),
 ('U5Z1','A-SIN-INFO'),
 ('U5Z2','A-SIN-INFO'),
 ('U5Z4','A-SIN-INFO'),
 ('U611','A-SIN-INFO'),
 ('U612','A-SIN-INFO'),
 ('U613','A-SIN-INFO'),
 ('U621','A-SIN-INFO'),
 ('U622','A-SIN-INFO'),
 ('U623','A-SIN-INFO'),
 ('U641','A-SIN-INFO'),
 ('U642','A-SIN-INFO'),
 ('U643','A-SIN-INFO'),
 ('U644','A-SIN-INFO'),
 ('U645','A-SIN-INFO'),
 ('U646','A-SIN-INFO'),
 ('U647','A-SIN-INFO'),
 ('U648','A-SIN-INFO'),
 ('U6A1','A-SIN-INFO'),
 ('U6A2','A-SIN-INFO'),
 ('U6A3','A-SIN-INFO'),
 ('U6B3','A-SIN-INFO'),
 ('U6C3','A-SIN-INFO'),
 ('U6I','A-SIN-INFO'),
 ('U6Z1','A-SIN-INFO'),
 ('U6Z2','A-SIN-INFO'),
 ('U6Z4','A-SIN-INFO'),
 ('V111','A-SIN-INFO'),
 ('V112','A-SIN-INFO'),
 ('V113','A-SIN-INFO'),
 ('V121','A-SIN-INFO'),
 ('V122','A-SIN-INFO'),
 ('V123','A-SIN-INFO'),
 ('V141','A-SIN-INFO'),
 ('V142','A-SIN-INFO'),
 ('V143','A-SIN-INFO'),
 ('V144','A-SIN-INFO'),
 ('V145','A-SIN-INFO'),
 ('V146','A-SIN-INFO'),
 ('V147','A-SIN-INFO'),
 ('V148','A-SIN-INFO'),
 ('V1A1','A-SIN-INFO'),
 ('V1A2','A-SIN-INFO'),
 ('V1A3','A-SIN-INFO'),
 ('V1B3','A-SIN-INFO'),
 ('V1C3','A-SIN-INFO'),
 ('V1I','A-SIN-INFO'),
 ('V1Z1','A-SIN-INFO'),
 ('V1Z2','A-SIN-INFO'),
 ('V1Z4','A-SIN-INFO'),
 ('V211','A-SIN-INFO'),
 ('V212','A-SIN-INFO'),
 ('V213','A-SIN-INFO'),
 ('V221','A-SIN-INFO'),
 ('V222','A-SIN-INFO'),
 ('V223','A-SIN-INFO'),
 ('V241','A-SIN-INFO'),
 ('V242','A-SIN-INFO'),
 ('V243','A-SIN-INFO'),
 ('V244','A-SIN-INFO'),
 ('V245','A-SIN-INFO'),
 ('V246','A-SIN-INFO'),
 ('V247','A-SIN-INFO'),
 ('V248','A-SIN-INFO'),
 ('V2A1','A-SIN-INFO'),
 ('V2A2','A-SIN-INFO'),
 ('V2A3','A-SIN-INFO'),
 ('V2B3','A-SIN-INFO'),
 ('V2I','A-SIN-INFO'),
 ('V2Z1','A-SIN-INFO'),
 ('V2Z2','A-SIN-INFO'),
 ('V2Z4','A-SIN-INFO'),
 ('V311','A-SIN-INFO'),
 ('V312','A-SIN-INFO'),
 ('V313','A-SIN-INFO'),
 ('V321','A-SIN-INFO'),
 ('V322','A-SIN-INFO'),
 ('V323','A-SIN-INFO'),
 ('V341','A-SIN-INFO'),
 ('V342','A-SIN-INFO'),
 ('V343','A-SIN-INFO'),
 ('V344','A-SIN-INFO'),
 ('V345','A-SIN-INFO'),
 ('V346','A-SIN-INFO'),
 ('V347','A-SIN-INFO'),
 ('V348','A-SIN-INFO'),
 ('V3A1','A-SIN-INFO'),
 ('V3A2','A-SIN-INFO'),
 ('V3A3','A-SIN-INFO'),
 ('V3B3','A-SIN-INFO'),
 ('V3I','A-SIN-INFO'),
 ('V3Z1','A-SIN-INFO'),
 ('V3Z2','A-SIN-INFO'),
 ('V3Z4','A-SIN-INFO'),
 ('V411','A-SIN-INFO'),
 ('V412','A-SIN-INFO'),
 ('V413','A-SIN-INFO'),
 ('V421','A-SIN-INFO'),
 ('V422','A-SIN-INFO'),
 ('V423','A-SIN-INFO'),
 ('V441','A-SIN-INFO'),
 ('V442','A-SIN-INFO'),
 ('V443','A-SIN-INFO'),
 ('V444','A-SIN-INFO'),
 ('V445','A-SIN-INFO'),
 ('V446','A-SIN-INFO'),
 ('V447','A-SIN-INFO'),
 ('V448','A-SIN-INFO'),
 ('V4A1','A-SIN-INFO'),
 ('V4A2','A-SIN-INFO'),
 ('V4A3','A-SIN-INFO'),
 ('V4B3','A-SIN-INFO'),
 ('V4C3','A-SIN-INFO'),
 ('V4I','A-SIN-INFO'),
 ('V4Z1','A-SIN-INFO'),
 ('V4Z2','A-SIN-INFO'),
 ('V4Z4','A-SIN-INFO'),
 ('V511','A-SIN-INFO'),
 ('V512','A-SIN-INFO'),
 ('V513','A-SIN-INFO'),
 ('V521','A-SIN-INFO'),
 ('V522','A-SIN-INFO'),
 ('V523','A-SIN-INFO'),
 ('V541','A-SIN-INFO'),
 ('V542','A-SIN-INFO'),
 ('V543','A-SIN-INFO'),
 ('V544','A-SIN-INFO'),
 ('V545','A-SIN-INFO'),
 ('V546','A-SIN-INFO'),
 ('V547','A-SIN-INFO'),
 ('V548','A-SIN-INFO'),
 ('V5A1','A-SIN-INFO'),
 ('V5A2','A-SIN-INFO'),
 ('V5A3','A-SIN-INFO'),
 ('V5B3','A-SIN-INFO'),
 ('V5C3','A-SIN-INFO'),
 ('V5I','A-SIN-INFO'),
 ('V5Z1','A-SIN-INFO'),
 ('V5Z2','A-SIN-INFO'),
 ('V5Z4','A-SIN-INFO'),
 ('V611','A-SIN-INFO'),
 ('V612','A-SIN-INFO'),
 ('V613','A-SIN-INFO'),
 ('V621','A-SIN-INFO'),
 ('V622','A-SIN-INFO'),
 ('V623','A-SIN-INFO'),
 ('V641','A-SIN-INFO'),
 ('V642','A-SIN-INFO'),
 ('V643','A-SIN-INFO'),
 ('V644','A-SIN-INFO'),
 ('V645','A-SIN-INFO'),
 ('V646','A-SIN-INFO'),
 ('V647','A-SIN-INFO'),
 ('V648','A-SIN-INFO'),
 ('V6A1','A-SIN-INFO'),
 ('V6A2','A-SIN-INFO'),
 ('V6A3','A-SIN-INFO'),
 ('V6B3','A-SIN-INFO'),
 ('V6I','A-SIN-INFO'),
 ('V6Z1','A-SIN-INFO'),
 ('V6Z2','A-SIN-INFO'),
 ('V6Z4','A-SIN-INFO'),
 ('VSA2','A-SIN-INFO'),
 ('W2A2','A-SIN-INFO'),
 ('W2A3','A-SIN-INFO'),
 ('W2A4','A-SIN-INFO'),
 ('X131','A-SIN-INFO'),
 ('X132','A-SIN-INFO'),
 ('X133','A-SIN-INFO'),
 ('X134','A-SIN-INFO'),
 ('X135','A-SIN-INFO'),
 ('X136','A-SIN-INFO'),
 ('X137','A-SIN-INFO'),
 ('X138','A-SIN-INFO'),
 ('X1A1','A-SIN-INFO'),
 ('X1A2','A-SIN-INFO'),
 ('X1A3','A-SIN-INFO'),
 ('X1A4','A-SIN-INFO'),
 ('X1A5','A-SIN-INFO'),
 ('X1A6','A-SIN-INFO'),
 ('X1A7','A-SIN-INFO'),
 ('X1A9','A-SIN-INFO'),
 ('X1B5','A-SIN-INFO'),
 ('X1Z1','A-SIN-INFO'),
 ('X1Z4','A-SIN-INFO'),
 ('X2A1','A-SIN-INFO'),
 ('X2A2','A-SIN-INFO'),
 ('X3A0','A-SIN-INFO'),
 ('X3A1','A-SIN-INFO'),
 ('X3A9','A-SIN-INFO'),
 ('xxa0','A-SIN-INFO'),
 ('XXA1','A-SIN-INFO'),
 ('XXZZ','A-SIN-INFO'),
 ('Y1A1','A-SIN-INFO'),
 ('Y1A2','A-SIN-INFO'),
 ('Y1A3','A-SIN-INFO'),
 ('YYA1','A-SIN-INFO'),
 ('Z1A2','A-SIN-INFO'),
 ('Z1A4','A-SIN-INFO'),
 ('ZEA3','A-SIN-INFO'),
 ('ZZ8','A-SIN-INFO'),
 ('zza0','A-SIN-INFO'),
 ('ZZA2','A-SIN-INFO');
/*!40000 ALTER TABLE `SIS05_MODULO` ENABLE KEYS */;


--
-- Definition of table `SIS06_TECNOLOGIA`
--

DROP TABLE IF EXISTS `SIS06_TECNOLOGIA`;
CREATE TABLE `SIS06_TECNOLOGIA` (
  `SIS06_TECNOLOGIAID` varchar(50) NOT NULL,
  `SIS06_TECNOLOGIADESCRIPCION` text,
  PRIMARY KEY (`SIS06_TECNOLOGIAID`)
) ENGINE=InnoDB DEFAULT CHARSET=latin1;

--
-- Dumping data for table `SIS06_TECNOLOGIA`
--

/*!40000 ALTER TABLE `SIS06_TECNOLOGIA` DISABLE KEYS */;
INSERT INTO `SIS06_TECNOLOGIA` (`SIS06_TECNOLOGIAID`,`SIS06_TECNOLOGIADESCRIPCION`) VALUES 
 ('A-SIN-INFO','SIN-INFO'),
 ('MATERIAL','MATERIAL'),
 ('TOOLBOOK','TOOLBOOK');
/*!40000 ALTER TABLE `SIS06_TECNOLOGIA` ENABLE KEYS */;


--
-- Definition of table `SIS07_CLASIFICADOR`
--

DROP TABLE IF EXISTS `SIS07_CLASIFICADOR`;
CREATE TABLE `SIS07_CLASIFICADOR` (
  `SIS07_CLASIFICADORID` int(11) NOT NULL AUTO_INCREMENT,
  `SIS07_NIVELID` int(2) NOT NULL,
  `SIS07_CLASIFICADORDESCRIPCION` varchar(100) NOT NULL,
  PRIMARY KEY (`SIS07_CLASIFICADORID`)
) ENGINE=InnoDB AUTO_INCREMENT=154 DEFAULT CHARSET=latin1;

--
-- Dumping data for table `SIS07_CLASIFICADOR`
--

/*!40000 ALTER TABLE `SIS07_CLASIFICADOR` DISABLE KEYS */;
INSERT INTO `SIS07_CLASIFICADOR` (`SIS07_CLASIFICADORID`,`SIS07_NIVELID`,`SIS07_CLASIFICADORDESCRIPCION`) VALUES 
 (94,2,'Dudas sobre funcionamiento del programa (Explicación por asesora)'),
 (95,2,'Dudas sobre contenidos en reportes (Explicación por asesora)'),
 (96,2,'Solicita corrección, ejercicio no valida respuesta correcta'),
 (97,2,'Solicita revisión ejercicio no se entiende '),
 (98,2,'Solicita  revisión ejercicio no corresponde al curriculum'),
 (99,2,'No genera cambio del módulo'),
 (100,2,'Error Nan'),
 (101,2,'Problema Switch / Access Point'),
 (102,2,'Emat Local Apagado'),
 (103,2,'Problema de hardware'),
 (104,2,'Problema en proxy'),
 (105,2,'Problema en enlace'),
 (106,2,'Problema en configuraciones de equipos'),
 (107,2,'Problema en configuración de red'),
 (108,2,'Problema con término de módulo'),
 (109,2,'Problema datos reinicio'),
 (110,2,'Problema en el recorrido'),
 (111,2,'Problema en reportes'),
 (112,2,'Problema inicio módulo'),
 (113,2,'Problema módulo e-test (Evaluaciones)'),
 (114,2,'Reporta posible error'),
 (115,2,'Problema en archivos host equipos laboratorios'),
 (116,2,'Equipos no cuentan con tarjeta de sonido'),
 (117,2,'Laboratorio con accesos directos a libros'),
 (118,2,'Mejora no actualizada en local'),
 (119,2,'Error por Multiple Logeo'),
 (125,1,'Problemas de visualización / carga'),
 (126,1,'Solicitud de claves o  códigos'),
 (127,1,'No puede entrar a su sesión'),
 (128,1,'Problema código de lista'),
 (129,1,'Rut no valido'),
 (130,1,'Reinicio de Diagnóstico'),
 (131,1,'Actividad no disponible'),
 (132,1,'Mensajes de error'),
 (133,1,'No avanza el ejercicio'),
 (134,1,'Problema calculo puntaje'),
 (135,1,'Problema arrastre de objetos'),
 (136,1,'Problema en reporte tutor o administrador'),
 (137,1,'Problema en ingreso actividades  tutor'),
 (138,1,'Problema en planilla de notas tutor'),
 (139,1,'Posicionamiento de alumnos (cambio estado)'),
 (140,1,'Olvidó password tutor'),
 (141,1,'Cambio de colegio'),
 (142,1,'Solicita respuesta del ejercicio'),
 (143,1,'Solicita explicación del ejercicio'),
 (144,1,'Dudas sobre funcionamiento del programa (Generales)'),
 (145,1,'Dudas sobre contenidos en reportes (Generales)'),
 (146,1,'Cambio de curso'),
 (147,1,'No puede entrar a su sesión (Alumno no inscrito)'),
 (148,1,'Cambio de nombre'),
 (149,1,'Cambio de password'),
 (150,1,'Eliminar alumno (s)'),
 (151,1,'Generar rut para alumno extranjero'),
 (152,1,'Inscripción de tutor o administrador'),
 (153,1,'Password no valida');
/*!40000 ALTER TABLE `SIS07_CLASIFICADOR` ENABLE KEYS */;


--
-- Definition of view `ED07_LABORATORIO_ASESOR`
--

DROP TABLE IF EXISTS `ED07_LABORATORIO_ASESOR`;
DROP VIEW IF EXISTS `ED07_LABORATORIO_ASESOR`;
CREATE ALGORITHM=UNDEFINED DEFINER=`compumat`@`%` SQL SECURITY DEFINER VIEW `ED07_LABORATORIO_ASESOR` AS select `c`.`RBD` AS `SIS03_LABORATORIOID`,`t`.`mailAsesor` AS `ED07_MAILASESOR` from (`helpdesk1`.`colegio_compumat` `c` join `helpdesk1`.`tblasesores` `t` on((convert(`c`.`rut_asesor` using utf8) = `t`.`rutAsesor`))) where ((`t`.`mailAsesor` is not null) and (`c`.`estado` = 4));

--
-- Definition of view `SIS03_LABORATORIO`
--

DROP TABLE IF EXISTS `SIS03_LABORATORIO`;
DROP VIEW IF EXISTS `SIS03_LABORATORIO`;
CREATE ALGORITHM=UNDEFINED DEFINER=`compumat`@`%` SQL SECURITY DEFINER VIEW `SIS03_LABORATORIO` AS select `c`.`RBD` AS `SIS03_LABORATORIOID`,`c`.`nombreinstitucion` AS `SIS03_LABORATORIODESCRIPCION`,`c`.`estado` AS `SIS03_ESTADO`,'' AS `SIS03_COLORETIQUETA`,`c`.`cursos_por_nivel` AS `SIS03_CURSOS`,`a`.`nombreAsesor` AS `SIS03_ASESOR`,`c`.`niveles_colegio` AS `SIS03_NIVELES`,`c`.`productos` AS `SIS03_PRODUCTOS`,`c`.`tiene_emat_local` AS `SIS03_CONEMATLOCAL`,`c`.`instalado_emat_local` AS `SIS03_INTALADONEMATLOCAL`,`c`.`es_distribuido` AS `SIS03_DISTRIBUIDO`,`c`.`info_distribuido` AS `SIS03_INFO_DISTRIBUIDO`,`c`.`tipo_contacto_1` AS `SIS03_TIPO_CONTACTO_1`,`c`.`contacto` AS `SIS03_NOMBRE_CONTACTO_1`,`c`.`fono_contacto` AS `SIS03_FONO_CONTACTO_1`,`c`.`celular_contacto` AS `SIS03_CELULAR_CONTACTO_1`,`c`.`email_contacto` AS `SIS03_EMAIL_CONTACTO_1`,`c`.`tipo_contacto_2` AS `SIS03_TIPO_CONTACTO_2`,`c`.`contacto2` AS `SIS03_NOMBRE_CONTACTO_2`,`c`.`fono_contacto2` AS `SIS03_FONO_CONTACTO_2`,`c`.`celular_contacto2` AS `SIS03_CELULAR_CONTACTO_2`,`c`.`email_contacto_2` AS `SIS03_EMAIL_CONTACTO_2`,`c`.`tipo_contacto_3` AS `SIS03_TIPO_CONTACTO_3`,`c`.`contacto3` AS `SIS03_NOMBRE_CONTACTO_3`,`c`.`fono_contacto3` AS `SIS03_FONO_CONTACTO_3`,`c`.`celular_contacto3` AS `SIS03_CELULAR_CONTACTO_3`,`c`.`email_contacto3` AS `SIS03_EMAIL_CONTACTO_3`,`c`.`rut_asesor` AS `SIS03_RUT_ASESOR`,`c`.`fono_colegio` AS `SIS03_FONO_COLEGIO`,`c`.`observaciones` AS `SIS03_OBSERVACIONES`,`c`.`checklist_1` AS `SIS03_CHECKLIST_1`,`c`.`nombre_archivo_checklist_1` AS `SIS03_NOMBRE_ARCHIVO_CHECKLIST_1`,`c`.`peso_checklist_1` AS `SIS03_PESO_CHECKLIST_1`,`c`.`tipo_archivo_checklist_1` AS `SIS03_TIPO_ARCHIVO_CHECKLIST_1`,`c`.`checklist_2` AS `SIS03_CHECKLIST_2`,`c`.`nombre_archivo_checklist_2` AS `SIS03_NOMBRE_ARCHIVO_CHECKLIST_2`,`c`.`peso_checklist_2` AS `SIS03_PESO_CHECKLIST_2`,`c`.`tipo_archivo_checklist_2` AS `SIS03_TIPO_ARCHIVO_CHECKLIST_2`,`c`.`fecha_operativo` AS `SIS03_FECHA_OPERATIVO`,`c`.`otros_dispositivos` AS `SIS03_OTROS_DISPOSITIVOS`,`c`.`otros_dispositivos_info` AS `SIS03_OTROS_DISPOSITIVOS_INFO`,`c`.`segmento_de_valor` AS `SIS03_SEGMENTO_VALOR`,`c`.`comuna_id` AS `SIS03_COMUNA_ID`,`c`.`region_id` AS `SIS03_REGION_ID`,`c`.`dependencia` AS `SIS03_DEPENDENCIA`,`c`.`num_alumnos` AS `SIS03_NUM_ALUMNOS`,`c`.`num_profesores` AS `SIS03_NUM_PROFESORES`,`c`.`pago_mensualidad_alumno` AS `SIS03_PAGO_MENSUALIDAD_ALUMNO`,`c`.`monto_sep` AS `SIS03_MONTO_SEP`,`c`.`num_sucursales` AS `SIS03_NUM_SUCURSALES`,`c`.`nombre_ejecutivo_ventas` AS `SIS03_NOMBRE_EJECUTIVO_VENTAS`,`c`.`detalle_cursos_niveles` AS `SIS03_DETALLE_CURSOS_NIVELES`,`c`.`num_laboratorios` AS `SIS03_NUM_LABORATORIOS`,`c`.`tipo_laboratorio` AS `SIS03_TIPO_LABORATORIO`,`c`.`dispositivos` AS `SIS03_DISPOSITIVOS`,`c`.`proveedor_internet` AS `SIS03_PROVEEDOR_INTERNET`,`c`.`disponibilidad_compu_x_alumno` AS `SIS03_COMPU_X_ALUMNO`,`c`.`plataformas_digitales_en_uso` AS `SIS03_PLATAFORMAS_EN_USO`,`c`.`ultima_vigencia` AS `SIS03_ULTIMA_VIGENCIA`,`c`.`eventos_del_anio` AS `SIS03_EVENTOS_DEL_ANIO`,`c`.`tipo_contrato` AS `SIS03_TIPO_CONTRATO`,`c`.`forma_de_pago` AS `SIS03_FORMA_PAGO`,`c`.`primer_anio_venta` AS `SIS03_PRIMER_ANIO_VENTA`,`c`.`ultimo_anio_contratado` AS `SIS03_ULTIMO_ANIO_VENTA`,`c`.`motivo_no_renueva` AS `SIS03_MOTIVO_NO_RENUEVA`,`c`.`motivo_no_compra` AS `SIS03_MOTIVO_NO_COMPRA`,`c`.`perfil_cliente` AS `SIS03_PERFIL_CLIENTE`,`c`.`antiguedad` AS `SIS03_ANTIGUEDAD`,`c`.`medio_comunicacion` AS `SIS03_MEDIO_COUMNICACION`,`c`.`descripcion_topologia` AS `SIS03_DESCRIPT_TOPOLOGIA`,`c`.`nombre_archivo_topologia` AS `SIS03_NOMBRE_ARCHIVO_TPOLOGIA`,`c`.`peso_archivo_topologia` AS `SIS03_PESO_ARCHIVO_TPOLOGIA`,`c`.`tipo_archivo_topologia` AS `SIS03_TIPO_ARCHIVO_TPOLOGIA`,`c`.`archivo_topologia` AS `SIS03_ARCHIVO_TPOLOGIA`,`c`.`insert_datetime` AS `SIS03_FECHA_INSERT`,`c`.`update_datetime` AS `SIS03_FECHA_UPDATE` from (`helpdesk1`.`colegio_compumat` `c` left join `helpdesk1`.`tblasesores` `a` on((convert(`c`.`rut_asesor` using utf8) = `a`.`rutAsesor`)));



/*!40101 SET SQL_MODE=@OLD_SQL_MODE */;
/*!40014 SET FOREIGN_KEY_CHECKS=@OLD_FOREIGN_KEY_CHECKS */;
/*!40014 SET UNIQUE_CHECKS=@OLD_UNIQUE_CHECKS */;
/*!40101 SET CHARACTER_SET_CLIENT=@OLD_CHARACTER_SET_CLIENT */;
/*!40101 SET CHARACTER_SET_RESULTS=@OLD_CHARACTER_SET_RESULTS */;
/*!40101 SET COLLATION_CONNECTION=@OLD_COLLATION_CONNECTION */;
/*!40101 SET CHARACTER_SET_CLIENT=@OLD_CHARACTER_SET_CLIENT */;
