-- MySQL Administrator dump 1.4
--
-- ------------------------------------------------------
-- Server version	5.5.58-log


/*!40101 SET @OLD_CHARACTER_SET_CLIENT=@@CHARACTER_SET_CLIENT */;
/*!40101 SET @OLD_CHARACTER_SET_RESULTS=@@CHARACTER_SET_RESULTS */;
/*!40101 SET @OLD_COLLATION_CONNECTION=@@COLLATION_CONNECTION */;
/*!40101 SET NAMES utf8 */;

/*!40014 SET @OLD_UNIQUE_CHECKS=@@UNIQUE_CHECKS, UNIQUE_CHECKS=0 */;
/*!40014 SET @OLD_FOREIGN_KEY_CHECKS=@@FOREIGN_KEY_CHECKS, FOREIGN_KEY_CHECKS=0 */;
/*!40101 SET @OLD_SQL_MODE=@@SQL_MODE, SQL_MODE='NO_AUTO_VALUE_ON_ZERO' */;


--
-- Create schema e_desk
--

CREATE DATABASE IF NOT EXISTS e_desk;
USE e_desk;

--
-- Temporary table structure for view `ED07_LABORATORIO_ASESOR`
--
DROP TABLE IF EXISTS `ED07_LABORATORIO_ASESOR`;
DROP VIEW IF EXISTS `ED07_LABORATORIO_ASESOR`;
CREATE TABLE `ED07_LABORATORIO_ASESOR` (
  `SIS03_LABORATORIOID` varchar(50),
  `ED07_MAILASESOR` varchar(50)
);

--
-- Temporary table structure for view `SIS03_LABORATORIO`
--
DROP TABLE IF EXISTS `SIS03_LABORATORIO`;
DROP VIEW IF EXISTS `SIS03_LABORATORIO`;
CREATE TABLE `SIS03_LABORATORIO` (
  `SIS03_LABORATORIOID` varchar(50),
  `SIS03_LABORATORIODESCRIPCION` varchar(100),
  `SIS03_ESTADO` int(11),
  `SIS03_COLORETIQUETA` char(0),
  `SIS03_CURSOS` varchar(255),
  `SIS03_ASESOR` varchar(100),
  `SIS03_NIVELES` varchar(255),
  `SIS03_PRODUCTOS` varchar(255),
  `SIS03_CONEMATLOCAL` int(10),
  `SIS03_INTALADONEMATLOCAL` int(10)
);

--
-- Definition of table `ED01_USUARIO`
--

DROP TABLE IF EXISTS `ED01_USUARIO`;
CREATE TABLE `ED01_USUARIO` (
  `ED01_USUARIOID` varchar(50) NOT NULL,
  `SIS02_NIVELID` int(11) DEFAULT NULL,
  `SIS01_SECTORID` varchar(50) DEFAULT NULL,
  `ED01_NOMBREAPELLIDO` varchar(50) DEFAULT NULL,
  `ED01_EMAIL` varchar(100) DEFAULT NULL,
  `ED01_PASSWORD` varchar(255) DEFAULT NULL,
  `ED01_ESPRIVADO` int(11) DEFAULT NULL,
  `ED01_NOTIFICAR` int(11) DEFAULT NULL,
  `ED01_FECHAINGRESO` date DEFAULT NULL,
  `ED01_FECHAULTIMAACTUALIZACION` timestamp NOT NULL DEFAULT CURRENT_TIMESTAMP ON UPDATE CURRENT_TIMESTAMP,
  PRIMARY KEY (`ED01_USUARIOID`),
  UNIQUE KEY `Index_email` (`ED01_EMAIL`)
) ENGINE=InnoDB DEFAULT CHARSET=latin1;

--
-- Dumping data for table `ED01_USUARIO`
--

/*!40000 ALTER TABLE `ED01_USUARIO` DISABLE KEYS */;
INSERT INTO `ED01_USUARIO` (`ED01_USUARIOID`,`SIS02_NIVELID`,`SIS01_SECTORID`,`ED01_NOMBREAPELLIDO`,`ED01_EMAIL`,`ED01_PASSWORD`,`ED01_ESPRIVADO`,`ED01_NOTIFICAR`,`ED01_FECHAINGRESO`,`ED01_FECHAULTIMAACTUALIZACION`) VALUES 
 ('aaedo',6,'INF','Alejandra Aedo','aaedo@compumat.cl','e11170b8cbd2d74102651cb967fa28e5',0,1,'2019-07-01','2019-07-01 10:08:54'),
 ('aaguero',2,'LAB','Ana Aguero','ana.aguero@compumat.cl','e11170b8cbd2d74102651cb967fa28e5',0,1,'2019-07-01','2019-07-01 10:01:30'),
 ('ayanez',7,'SAC','America Yañez','ayanez@compumat.cl','e11170b8cbd2d74102651cb967fa28e5',0,1,'2019-07-10','2019-07-10 11:49:53'),
 ('cherrera',1,'INF','Claudia Herrera','cherrerarojas2019@gmail.com','b929f9b4dab8b5c6ffc571eb47ae1d27',0,1,'2019-07-06','2019-07-06 02:36:37'),
 ('emartinez',3,'LAB','Eduardo Martinez','emartinez@compumat.cl','e11170b8cbd2d74102651cb967fa28e5',0,1,'2019-06-29','2019-06-29 10:16:17'),
 ('gpiaggio',7,'SAC','Gabriela Piaggio','gpiaggio@compumat.cl','e11170b8cbd2d74102651cb967fa28e5',0,1,'2019-07-01','2019-07-01 10:03:54'),
 ('isegovia',6,'INF','Jean Segovia','isegovia@compumat.cl','e11170b8cbd2d74102651cb967fa28e5',0,1,'2019-07-01','2019-07-01 10:10:26'),
 ('jalcaino',1,'INF','José Alcaíno','jalcaino@compumat.cl','e11170b8cbd2d74102651cb967fa28e5',1,0,'2019-07-14','2019-07-14 08:22:37'),
 ('jguzman',4,'LAB','Jorge Guzmán','tecnico@compumat.cl','e11170b8cbd2d74102651cb967fa28e5',0,1,'2019-07-01','2019-07-01 10:08:04'),
 ('jolivos',4,'LAB','Javier Olivos','jolivos@compumat.cl','e11170b8cbd2d74102651cb967fa28e5',0,1,'2019-06-30','2019-06-30 09:39:30'),
 ('jortiz',3,'LAB','José Ortiz','jortiz@compumat.cl','e11170b8cbd2d74102651cb967fa28e5',0,1,'2019-07-01','2019-07-01 10:05:57'),
 ('pvalenzuel',9,'PED','Paulina Valenzuela','pvalenzuela.compumat@gmail.com','e11170b8cbd2d74102651cb967fa28e5',0,1,'2019-07-01','2019-07-01 10:07:11');
/*!40000 ALTER TABLE `ED01_USUARIO` ENABLE KEYS */;


--
-- Definition of table `ED02_SOLICITUD`
--

DROP TABLE IF EXISTS `ED02_SOLICITUD`;
CREATE TABLE `ED02_SOLICITUD` (
  `ED02_SOLICITUDID` int(11) NOT NULL AUTO_INCREMENT,
  `SIS03_LABORATORIOID` varchar(50) DEFAULT NULL,
  `SIS04_PRODUCTOID` varchar(20) DEFAULT NULL,
  `ED02_FECHASOLICITUD` date DEFAULT NULL,
  `ED02_DETALLESOLICITUD` text,
  `ED02_ARCHIVOADJUNTO` longblob,
  `ED02_NOMBREARCHIVOADJUNTO` varchar(100) DEFAULT NULL,
  `ED02_TIPOARCHIVOADJUNTO` varchar(50) DEFAULT NULL,
  `ED02_NOMBRESOLICITANTE` varchar(100) DEFAULT NULL,
  `ED02_FECHAINGRESO` date DEFAULT NULL,
  `ED02_FECHAULTIMAACTUALIZACION` timestamp NOT NULL DEFAULT CURRENT_TIMESTAMP ON UPDATE CURRENT_TIMESTAMP,
  `ED02_ESTADO` varchar(50) DEFAULT NULL,
  `ED01_USUARIOID` varchar(50) NOT NULL,
  PRIMARY KEY (`ED02_SOLICITUDID`)
) ENGINE=InnoDB AUTO_INCREMENT=1683 DEFAULT CHARSET=latin1;

--
-- Dumping data for table `ED02_SOLICITUD`
--

/*!40000 ALTER TABLE `ED02_SOLICITUD` DISABLE KEYS */;
INSERT INTO `ED02_SOLICITUD` (`ED02_SOLICITUDID`,`SIS03_LABORATORIOID`,`SIS04_PRODUCTOID`,`ED02_FECHASOLICITUD`,`ED02_DETALLESOLICITUD`,`ED02_ARCHIVOADJUNTO`,`ED02_NOMBREARCHIVOADJUNTO`,`ED02_TIPOARCHIVOADJUNTO`,`ED02_NOMBRESOLICITANTE`,`ED02_FECHAINGRESO`,`ED02_FECHAULTIMAACTUALIZACION`,`ED02_ESTADO`,`ED01_USUARIOID`) VALUES 
 (1637,'10247','EMAT-INICIAL','2019-07-13','el detalle',0x2F6172636869766F735F75706C6F61642F6C6F67696E322E706466,'login2.pdf','application/pdf','José Alcaíno','2019-07-13','2019-07-13 21:06:55','DERIVADO','jalcaino'),
 (1638,'10669','EMAT-BASICA','2019-07-14','probando',0x2F6172636869766F735F75706C6F61642F6C6F67696E332E706466,'login3.pdf','application/pdf','ayanez','2019-07-14','2019-07-14 01:42:29','PENDIENTE','jalcaino'),
 (1639,'10010','EMAT-INICIAL','2019-07-04','dsdsdssd',0x2F6172636869766F735F75706C6F61642F7265706F72742D7175616C697461746976652D636F7665726167652D6F766572766965772D3034303532303139313132322E706466,'report-qualitative-coverage-overview-040520191122.pdf','application/pdf','ayanez','2019-07-14','2019-07-14 01:44:01','PENDIENTE','ayanez'),
 (1640,'10010','EMAT-INICIAL','2019-07-14','xdsdsds',0x2F6172636869766F735F75706C6F61642F616E6F6D616C6961735F63616D7061C3B161312E706E67,'anomalias_campaña1.png','image/png','ayanez','2019-07-14','2019-07-14 01:57:26','PENDIENTE','ayanez'),
 (1641,'10019','EMAT-INICIAL','2019-07-14','assaassa',0x2F6172636869766F735F75706C6F61642F646572697661725F696E69636964656E74652E706466,'derivar_inicidente.pdf','application/pdf','America Yañez','2019-07-14','2019-07-14 01:57:50','PENDIENTE','ayanez'),
 (1642,'10010','EMAT-MEDIA','2019-07-14','aslaslñasñlasñl',0x2F6172636869766F735F75706C6F61642F66696368615F636F6C6567696F322E706466,'ficha_colegio2.pdf','application/pdf','José Alcaíno','2019-07-14','2019-07-14 02:43:20','PENDIENTE','jalcaino'),
 (1643,'10010','EMAT-MEDIA','2019-07-14','aslaslñasñlasñl',0x2F6172636869766F735F75706C6F61642F66696368615F636F6C6567696F322E706466,'ficha_colegio2.pdf','application/pdf','José Alcaíno','2019-07-14','2019-07-14 02:45:22','PENDIENTE','jalcaino'),
 (1644,'10010','EMAT-MEDIA','2019-07-14','aslaslñasñlasñl',0x2F6172636869766F735F75706C6F61642F66696368615F636F6C6567696F322E706466,'ficha_colegio2.pdf','application/pdf','José Alcaíno','2019-07-14','2019-07-14 02:47:38','PENDIENTE','jalcaino'),
 (1645,'10010','EMAT-MEDIA','2019-07-14','aslaslñasñlasñl',0x2F6172636869766F735F75706C6F61642F66696368615F636F6C6567696F322E706466,'ficha_colegio2.pdf','application/pdf','José Alcaíno','2019-07-14','2019-07-14 02:48:19','PENDIENTE','jalcaino'),
 (1646,'10010','EMAT-MEDIA','2019-07-14','aslaslñasñlasñl',0x2F6172636869766F735F75706C6F61642F66696368615F636F6C6567696F322E706466,'ficha_colegio2.pdf','application/pdf','José Alcaíno','2019-07-14','2019-07-14 02:50:33','PENDIENTE','jalcaino'),
 (1647,'10010','EMAT-MEDIA','2019-07-14','aslaslñasñlasñl',0x2F6172636869766F735F75706C6F61642F66696368615F636F6C6567696F322E706466,'ficha_colegio2.pdf','application/pdf','José Alcaíno','2019-07-14','2019-07-14 02:53:33','PENDIENTE','jalcaino'),
 (1648,'10010','EMAT-MEDIA','2019-07-14','aslaslñasñlasñl',0x2F6172636869766F735F75706C6F61642F66696368615F636F6C6567696F322E706466,'ficha_colegio2.pdf','application/pdf','José Alcaíno','2019-07-14','2019-07-14 02:54:53','PENDIENTE','jalcaino'),
 (1649,'10010','EMAT-MEDIA','2019-07-14','aslaslñasñlasñl',0x2F6172636869766F735F75706C6F61642F66696368615F636F6C6567696F322E706466,'ficha_colegio2.pdf','application/pdf','José Alcaíno','2019-07-14','2019-07-14 02:55:27','PENDIENTE','jalcaino'),
 (1650,'10010','EMAT-MEDIA','2019-07-14','aslaslñasñlasñl',0x2F6172636869766F735F75706C6F61642F66696368615F636F6C6567696F322E706466,'ficha_colegio2.pdf','application/pdf','José Alcaíno','2019-07-14','2019-07-14 02:55:54','PENDIENTE','jalcaino'),
 (1651,'10010','EMAT-MEDIA','2019-07-14','aslaslñasñlasñl',0x2F6172636869766F735F75706C6F61642F66696368615F636F6C6567696F322E706466,'ficha_colegio2.pdf','application/pdf','José Alcaíno','2019-07-14','2019-07-14 03:03:15','PENDIENTE','jalcaino'),
 (1652,'10010','EMAT-MEDIA','2019-07-14','aslaslñasñlasñl',0x2F6172636869766F735F75706C6F61642F66696368615F636F6C6567696F322E706466,'ficha_colegio2.pdf','application/pdf','José Alcaíno','2019-07-14','2019-07-14 03:08:57','PENDIENTE','jalcaino'),
 (1653,'10010','EMAT-MEDIA','2019-07-14','aslaslñasñlasñl',0x2F6172636869766F735F75706C6F61642F66696368615F636F6C6567696F322E706466,'ficha_colegio2.pdf','application/pdf','José Alcaíno','2019-07-14','2019-07-14 03:10:46','PENDIENTE','jalcaino'),
 (1654,'10010','EMAT-MEDIA','2019-07-14','aslaslñasñlasñl',0x2F6172636869766F735F75706C6F61642F66696368615F636F6C6567696F322E706466,'ficha_colegio2.pdf','application/pdf','José Alcaíno','2019-07-14','2019-07-14 03:17:32','PENDIENTE','jalcaino'),
 (1655,'10010','EMAT-MEDIA','2019-07-14','aslaslñasñlasñl',0x2F6172636869766F735F75706C6F61642F66696368615F636F6C6567696F322E706466,'ficha_colegio2.pdf','application/pdf','José Alcaíno','2019-07-14','2019-07-14 03:18:21','PENDIENTE','jalcaino'),
 (1656,'10769','EMAT-MEDIA','2019-07-14','aslaslñasñlasñl',0x2F6172636869766F735F75706C6F61642F66696368615F636F6C6567696F322E706466,'ficha_colegio2.pdf','application/pdf','José Alcaíno','2019-07-14','2019-07-14 03:18:53','PENDIENTE','jalcaino'),
 (1657,'10769','EMAT-MEDIA','2019-07-14','aslaslñasñlasñl',0x2F6172636869766F735F75706C6F61642F66696368615F636F6C6567696F322E706466,'ficha_colegio2.pdf','application/pdf','José Alcaíno','2019-07-14','2019-07-14 03:29:15','PENDIENTE','jalcaino'),
 (1658,'10769','EMAT-MEDIA','2019-07-14','aslaslñasñlasñl',0x2F6172636869766F735F75706C6F61642F66696368615F636F6C6567696F322E706466,'ficha_colegio2.pdf','application/pdf','José Alcaíno','2019-07-14','2019-07-14 03:31:52','PENDIENTE','jalcaino'),
 (1659,'10769','EMAT-MEDIA','2019-07-14','aslaslñasñlasñl',0x2F6172636869766F735F75706C6F61642F66696368615F636F6C6567696F322E706466,'ficha_colegio2.pdf','application/pdf','José Alcaíno','2019-07-14','2019-07-14 03:35:23','PENDIENTE','jalcaino'),
 (1660,'10769','EMAT-MEDIA','2019-07-14','aslaslñasñlasñl',0x2F6172636869766F735F75706C6F61642F66696368615F636F6C6567696F322E706466,'ficha_colegio2.pdf','application/pdf','José Alcaíno','2019-07-14','2019-07-14 03:36:08','PENDIENTE','jalcaino'),
 (1661,'10769','EMAT-MEDIA','2019-07-14','aslaslñasñlasñl',0x2F6172636869766F735F75706C6F61642F66696368615F636F6C6567696F322E706466,'ficha_colegio2.pdf','application/pdf','José Alcaíno','2019-07-14','2019-07-14 03:38:21','PENDIENTE','jalcaino'),
 (1662,'10769','EMAT-MEDIA','2019-07-14','aslaslñasñlasñl',0x2F6172636869766F735F75706C6F61642F66696368615F636F6C6567696F322E706466,'ficha_colegio2.pdf','application/pdf','José Alcaíno','2019-07-14','2019-07-14 03:39:16','PENDIENTE','jalcaino'),
 (1663,'10769','EMAT-INICIAL','2019-07-14','probando EDESK',0x2F6172636869766F735F75706C6F61642F6C6F67696E2E706466,'login.pdf','application/pdf','José Alcaíno','2019-07-14','2019-07-14 04:00:41','PENDIENTE','jalcaino'),
 (1664,'10265','EMAT-BASICA','2019-07-14','probando solicitud',0x2F6172636869766F735F75706C6F61642F66696368615F636F6C6567696F322E706466,'ficha_colegio2.pdf','application/pdf','José Alcaíno','2019-07-14','2019-07-14 04:02:14','PENDIENTE','jalcaino'),
 (1665,'10265','EMAT-BASICA','2019-07-14','probando solicitud',0x2F6172636869766F735F75706C6F61642F66696368615F636F6C6567696F322E706466,'ficha_colegio2.pdf','application/pdf','José Alcaíno','2019-07-14','2019-07-14 04:08:28','PENDIENTE','jalcaino'),
 (1666,'10010','EMAT-INICIAL','2019-07-14','assasa',NULL,NULL,NULL,'José Alcaíno','2019-07-14','2019-07-14 04:08:59','PENDIENTE','jalcaino'),
 (1667,'10836','EMAT-BASICA','2019-07-31','assasa',NULL,NULL,NULL,'José Alcaíno','2019-07-14','2019-07-14 04:10:34','PENDIENTE','jalcaino'),
 (1668,'10836','EMAT-BASICA','2019-07-31','assasa',NULL,NULL,NULL,'José Alcaíno','2019-07-14','2019-07-14 04:13:14','PENDIENTE','jalcaino'),
 (1669,'10669','EMAT-MEDIA','2019-07-14','el detalle',NULL,NULL,NULL,'José Alcaíno','2019-07-14','2019-07-14 04:14:00','PENDIENTE','jalcaino'),
 (1670,'10669','EMAT-MEDIA','2019-07-14','el detalle',NULL,NULL,NULL,'José Alcaíno','2019-07-14','2019-07-14 04:17:06','PENDIENTE','jalcaino'),
 (1671,'10669','EMAT-MEDIA','2019-07-14','el detalle',NULL,NULL,NULL,'José Alcaíno','2019-07-14','2019-07-14 04:21:06','PENDIENTE','jalcaino'),
 (1672,'10669','EMAT-MEDIA','2019-07-14','el detalle',NULL,NULL,NULL,'José Alcaíno','2019-07-14','2019-07-14 04:22:07','PENDIENTE','jalcaino'),
 (1673,'10837','EMAT-INICIAL','2019-07-14','probando edesk',0x2F6172636869766F735F75706C6F61642F6C6F67696E2E706466,'login.pdf','application/pdf','José Alcaíno','2019-07-14','2019-07-14 04:23:06','PENDIENTE','jalcaino'),
 (1674,'10010','EMAT-MEDIA','2019-07-16','probando edesk',NULL,NULL,NULL,'José Alcaíno','2019-07-14','2019-07-14 04:25:26','PENDIENTE','jalcaino'),
 (1675,'1000','EMAT-PSU','2019-07-15','probando edesk',NULL,NULL,NULL,'José Alcaíno','2019-07-14','2019-07-14 08:50:45','PENDIENTE','jalcaino'),
 (1676,'1000','EMAT-PSU','2019-07-15','probando edesk',NULL,NULL,NULL,'José Alcaíno','2019-07-14','2019-07-14 09:05:54','PENDIENTE','jalcaino'),
 (1677,'1000','EMAT-PSU','2019-07-15','probando edesk',NULL,NULL,NULL,'José Alcaíno','2019-07-14','2019-07-14 09:06:55','PENDIENTE','jalcaino'),
 (1678,'1000','EMAT-PSU','2019-07-15','probando edesk',NULL,NULL,NULL,'José Alcaíno','2019-07-14','2019-07-14 09:08:09','PENDIENTE','jalcaino'),
 (1679,'10247','EMAT-INICIAL','2019-07-14','el detalle solicitud',NULL,NULL,NULL,'José Alcaíno','2019-07-14','2019-07-14 09:17:49','PENDIENTE','jalcaino'),
 (1680,'10019','EMAT-INICIAL','2019-07-14','prueba',0x2F6172636869766F735F75706C6F61642F68756E647265642E646F6378,'hundred.docx','application/vnd.openxmlformats-officedocument.word','America Yañez','2019-07-14','2019-07-14 09:21:40','PENDIENTE','ayanez'),
 (1681,'10247','EMAT-INICIAL','2019-07-14','prueba\r\nprobando2',0x2F6172636869766F735F75706C6F61642F68756E647265642E646F6378,'hundred.docx','application/vnd.openxmlformats-officedocument.word','ayanez','2019-07-14','2019-07-14 09:56:14','PENDIENTE','ayanez'),
 (1682,'10010','EMAT-INICIAL','2019-07-15','solicitud detalle 1\r\ndsdssdsd',0x2F6172636869766F735F75706C6F61642F6C6F67696E2E706466,'login.pdf','application/pdf','jalcaino','2019-07-15','2019-07-15 01:48:45','PENDIENTE','jalcaino');
/*!40000 ALTER TABLE `ED02_SOLICITUD` ENABLE KEYS */;


--
-- Definition of table `ED03_TICKET`
--

DROP TABLE IF EXISTS `ED03_TICKET`;
CREATE TABLE `ED03_TICKET` (
  `ED03_TICKETID` int(11) NOT NULL AUTO_INCREMENT,
  `SIS03_LABORATORIOID` varchar(50) DEFAULT NULL,
  `SIS04_PRODUCTOID` varchar(20) DEFAULT NULL,
  `ED03_FECHATICKET` date DEFAULT NULL,
  `ED03_NOMBRESOLICITANTE` varchar(100) DEFAULT NULL,
  `ED03_TELEFONOSOLICITANTE` varchar(50) DEFAULT NULL,
  `ED03_EMAILSOLICITANTE` varchar(100) DEFAULT NULL,
  `ED03_PRIORIDAD` int(11) DEFAULT NULL,
  `ED03_DETALLETICKET` text,
  `ED03_TIPOCONTACTO` varchar(50) DEFAULT NULL,
  `ED03_NIVELSOPORTE` varchar(50) DEFAULT NULL,
  `SIS07_CLASIFICADORID` int(11) NOT NULL,
  `ED03_ARCHIVOADJUNTO` longblob,
  `ED03_NOMBREARCHIVOADJUNTO` varchar(100) DEFAULT NULL,
  `ED03_TIPOARCHIVOADJUNTO` varchar(50) DEFAULT NULL,
  `ED03_NUMALUMNOSAFECTADOS` int(11) DEFAULT NULL,
  `ED03_NIVELDELPROGRAMA` varchar(50) DEFAULT NULL,
  `SIS05_CODIGOMODULO` varchar(50) NOT NULL,
  `ED03_NUMEJERCICIO` int(11) DEFAULT NULL,
  `ED03_ESTADO` varchar(50) DEFAULT NULL,
  `ED03_FECHAULTIMAACTUALIZACION` timestamp NOT NULL DEFAULT CURRENT_TIMESTAMP ON UPDATE CURRENT_TIMESTAMP,
  `ED01_USUARIOID` varchar(50) NOT NULL,
  `ED03_DERIVADO` varchar(50) DEFAULT NULL,
  `SIS01_SECTORID` varchar(50) DEFAULT NULL,
  PRIMARY KEY (`ED03_TICKETID`)
) ENGINE=InnoDB AUTO_INCREMENT=7652 DEFAULT CHARSET=latin1;

--
-- Dumping data for table `ED03_TICKET`
--

/*!40000 ALTER TABLE `ED03_TICKET` DISABLE KEYS */;
INSERT INTO `ED03_TICKET` (`ED03_TICKETID`,`SIS03_LABORATORIOID`,`SIS04_PRODUCTOID`,`ED03_FECHATICKET`,`ED03_NOMBRESOLICITANTE`,`ED03_TELEFONOSOLICITANTE`,`ED03_EMAILSOLICITANTE`,`ED03_PRIORIDAD`,`ED03_DETALLETICKET`,`ED03_TIPOCONTACTO`,`ED03_NIVELSOPORTE`,`SIS07_CLASIFICADORID`,`ED03_ARCHIVOADJUNTO`,`ED03_NOMBREARCHIVOADJUNTO`,`ED03_TIPOARCHIVOADJUNTO`,`ED03_NUMALUMNOSAFECTADOS`,`ED03_NIVELDELPROGRAMA`,`SIS05_CODIGOMODULO`,`ED03_NUMEJERCICIO`,`ED03_ESTADO`,`ED03_FECHAULTIMAACTUALIZACION`,`ED01_USUARIOID`,`ED03_DERIVADO`,`SIS01_SECTORID`) VALUES 
 (7644,'10247','EMAT-INICIAL','2019-07-13','José Alcaíno','6766776','lolo@lolo.cl',1,'el detalle','CHAT','1',143,0x2F6172636869766F735F75706C6F61642F7265706F72742D7175616C697461746976652D636F7665726167652D6F766572766965772D3034303532303139313133382E706466,'report-qualitative-coverage-overview-040520191138.pdf','application/pdf',1,'1 BASICO','CUA2',1,'DERIVADO','2019-07-13 09:04:24','jalcaino','aaguero',NULL),
 (7645,'13637','EMAT-BASICA','2019-07-13','jjkjkjk','jjjjkkjkj','lolo.lolo@lolo.cl',1,'qwwqwq\r\nqwqwwq\r\n','CHAT','1',141,NULL,NULL,NULL,0,'1 BASICO','',0,'DERIVADO','2019-07-13 21:09:22','jalcaino','',NULL),
 (7646,'10162','EMAT-INICIAL','2019-07-14','Luis Paredes','6666666','lparedes@sonda.cl',0,'hay un probela en el ejercicio','EMAIL','1',125,0x2F6172636869766F735F75706C6F61642F66696368615F636F6C6567696F322E706466,'ficha_colegio2.pdf','application/pdf',10,'8 BASICO','CUA3',10,'DERIVADO','2019-07-14 12:57:20','jalcaino','isegovia','INF'),
 (7647,'10010','EMAT-BASICA','2019-07-15','nombre 1','87878787','lolo@lolo.cl',1,'el detalle','CHAT','1',142,0x2F6172636869766F735F75706C6F61642F6C6F67696E322E706466,'login2.pdf','application/pdf',10,'1 BASICO','DMA1',10,'PENDIENTE','2019-07-15 01:09:51','jalcaino','isegovia','INF'),
 (7649,'10010','EMAT-BASICA','2019-07-15','nombre 1','87878787','lolo@lolo.cl',1,'el detalle','CHAT','1',142,0x2F6172636869766F735F75706C6F61642F6C6F67696E322E706466,'login2.pdf','application/pdf',10,'1 BASICO','DMA1',10,'DERIVADO','2019-07-15 01:53:43','jalcaino','isegovia','INF'),
 (7650,'10010','EMAT-BASICA','2019-07-15','nombre 1','87878787','lolo@lolo.cl',1,'el detalle','CHAT','1',142,0x2F6172636869766F735F75706C6F61642F6C6F67696E322E706466,'login2.pdf','application/pdf',10,'1 BASICO','DMA1',10,'DERIVADO','2019-07-15 01:49:08','jalcaino','isegovia','INF'),
 (7651,'25475','EMAT-BASICA','2019-07-15','jsddsjk','11111','lolo@lolo.cl',1,'klsklasks\r\nsd','CHAT','1',141,0x2F6172636869766F735F75706C6F61642F66696368615F636F6C6567696F2E706466,'ficha_colegio.pdf','application/pdf',0,'1 BASICO','K1A2',10,'DERIVADO','2019-07-15 01:47:34','jalcaino','aaedo','INF');
/*!40000 ALTER TABLE `ED03_TICKET` ENABLE KEYS */;


--
-- Definition of table `ED04_SEGUIMIENTO_TICKET`
--

DROP TABLE IF EXISTS `ED04_SEGUIMIENTO_TICKET`;
CREATE TABLE `ED04_SEGUIMIENTO_TICKET` (
  `ED04_SEGTICKETID` int(11) NOT NULL AUTO_INCREMENT,
  `ED03_TICKETID` int(11) DEFAULT NULL,
  `ED01_USUARIOID` varchar(50) NOT NULL,
  `ED04_SEGFECHA` date DEFAULT NULL,
  `ED04_SEGCOMENTARIOS` text,
  `ED04_ARCHIVOADJUNTO` longblob,
  `ED04_NOMBREARCHIVOADJUNTO` varchar(100) DEFAULT NULL,
  `ED04_TIPOARCHIVOADJUNTO` varchar(50) DEFAULT NULL,
  `ED04_FECHAULTIMAACTUALIZACION` timestamp NOT NULL DEFAULT CURRENT_TIMESTAMP ON UPDATE CURRENT_TIMESTAMP,
  `ED04_REGISTRODETALLECAMBIO` text,
  PRIMARY KEY (`ED04_SEGTICKETID`)
) ENGINE=InnoDB AUTO_INCREMENT=15579 DEFAULT CHARSET=latin1;

--
-- Dumping data for table `ED04_SEGUIMIENTO_TICKET`
--

/*!40000 ALTER TABLE `ED04_SEGUIMIENTO_TICKET` DISABLE KEYS */;
INSERT INTO `ED04_SEGUIMIENTO_TICKET` (`ED04_SEGTICKETID`,`ED03_TICKETID`,`ED01_USUARIOID`,`ED04_SEGFECHA`,`ED04_SEGCOMENTARIOS`,`ED04_ARCHIVOADJUNTO`,`ED04_NOMBREARCHIVOADJUNTO`,`ED04_TIPOARCHIVOADJUNTO`,`ED04_FECHAULTIMAACTUALIZACION`,`ED04_REGISTRODETALLECAMBIO`) VALUES 
 (15578,7651,'jalcaino','2019-07-15','sas\r\nasassa',0x2F6172636869766F735F75706C6F61642F66696368615F636F6C6567696F2E706466,'ficha_colegio.pdf','application/pdf','2019-07-15 02:01:41','Usuario introduce comentarios de incidente');
/*!40000 ALTER TABLE `ED04_SEGUIMIENTO_TICKET` ENABLE KEYS */;


--
-- Definition of table `ED05_ASISTENCIA_TECNICA`
--

DROP TABLE IF EXISTS `ED05_ASISTENCIA_TECNICA`;
CREATE TABLE `ED05_ASISTENCIA_TECNICA` (
  `ED05_ASISTENCIAID` int(11) NOT NULL AUTO_INCREMENT,
  `SIS03_LABORATORIOID` varchar(50) DEFAULT NULL,
  `ED05_FECHAINGRESO` date DEFAULT NULL,
  `ED05_NOMBRESOLICITANTE` varchar(100) DEFAULT NULL,
  `ED05_TELEFONOSOLICITANTE` varchar(50) DEFAULT NULL,
  `ED05_EMAILSOLICITANTE` varchar(100) DEFAULT NULL,
  `ED05_PRIORIDAD` int(11) DEFAULT NULL,
  `ED05_DETALLEASISTENCIAREALIZAR` text,
  `ED05_FECHAREALIZARCE` date DEFAULT NULL,
  `ED05_TIPOCONTACTO` varchar(100) DEFAULT NULL,
  `ED05_ESTADO` varchar(50) DEFAULT NULL,
  `ED05_ARCHIVOADJUNTO` longblob,
  `ED05_NOMBREARCHIVOADJUNTO` varchar(100) DEFAULT NULL,
  `ED05_TIPOARCHIVOADJUNTO` varchar(50) DEFAULT NULL,
  `ED05_FECHAULTIMAACTUALIZACION` timestamp NOT NULL DEFAULT CURRENT_TIMESTAMP ON UPDATE CURRENT_TIMESTAMP,
  `ED01_USUARIOID` varchar(50) NOT NULL,
  `ED05_DERIVADO` varchar(50) DEFAULT NULL,
  PRIMARY KEY (`ED05_ASISTENCIAID`)
) ENGINE=InnoDB AUTO_INCREMENT=330 DEFAULT CHARSET=latin1;

--
-- Dumping data for table `ED05_ASISTENCIA_TECNICA`
--

/*!40000 ALTER TABLE `ED05_ASISTENCIA_TECNICA` DISABLE KEYS */;
INSERT INTO `ED05_ASISTENCIA_TECNICA` (`ED05_ASISTENCIAID`,`SIS03_LABORATORIOID`,`ED05_FECHAINGRESO`,`ED05_NOMBRESOLICITANTE`,`ED05_TELEFONOSOLICITANTE`,`ED05_EMAILSOLICITANTE`,`ED05_PRIORIDAD`,`ED05_DETALLEASISTENCIAREALIZAR`,`ED05_FECHAREALIZARCE`,`ED05_TIPOCONTACTO`,`ED05_ESTADO`,`ED05_ARCHIVOADJUNTO`,`ED05_NOMBREARCHIVOADJUNTO`,`ED05_TIPOARCHIVOADJUNTO`,`ED05_FECHAULTIMAACTUALIZACION`,`ED01_USUARIOID`,`ED05_DERIVADO`) VALUES 
 (327,'13637','2019-07-13','jjkjkjk','weweewwe','',0,'qwwqwq\r\nqwqwwq\r\n','2019-07-13','TELEFONO','PENDIENTE',NULL,NULL,NULL,'2019-07-13 09:06:00','jalcaino','aaguero'),
 (329,'10019','2019-07-15','kkllk','llklk','lolo@lolol.cl',1,'llññl\r\n\r\nlññlñl','2019-07-15','TELEFONO','PENDIENTE',NULL,NULL,NULL,'2019-07-15 02:12:13','jalcaino','aaguero');
/*!40000 ALTER TABLE `ED05_ASISTENCIA_TECNICA` ENABLE KEYS */;


--
-- Definition of table `ED06_SEGUIMIENTO_ASISTENCIA_TECNICA`
--

DROP TABLE IF EXISTS `ED06_SEGUIMIENTO_ASISTENCIA_TECNICA`;
CREATE TABLE `ED06_SEGUIMIENTO_ASISTENCIA_TECNICA` (
  `ED06_SEGASISTENCIAID` int(11) NOT NULL AUTO_INCREMENT,
  `ED05_ASISTENCIAID` int(11) NOT NULL,
  `ED01_USUARIOID` varchar(50) NOT NULL,
  `ED06_SEGFECHA` date DEFAULT NULL,
  `ED06_SEGCOMENTARIOS` text,
  `ED06_ARCHIVOADJUNTO` longblob,
  `ED06_NOMBREARCHIVOADJUNTO` varchar(100) DEFAULT NULL,
  `ED06_TIPOARCHIVOADJUNTO` varchar(50) DEFAULT NULL,
  `ED06_FECHAULTIMAACTUALIZACION` timestamp NOT NULL DEFAULT CURRENT_TIMESTAMP ON UPDATE CURRENT_TIMESTAMP,
  `ED06_REGISTRODETALLECAMBIO` text,
  PRIMARY KEY (`ED06_SEGASISTENCIAID`)
) ENGINE=InnoDB AUTO_INCREMENT=11 DEFAULT CHARSET=latin1;

--
-- Dumping data for table `ED06_SEGUIMIENTO_ASISTENCIA_TECNICA`
--

/*!40000 ALTER TABLE `ED06_SEGUIMIENTO_ASISTENCIA_TECNICA` DISABLE KEYS */;
INSERT INTO `ED06_SEGUIMIENTO_ASISTENCIA_TECNICA` (`ED06_SEGASISTENCIAID`,`ED05_ASISTENCIAID`,`ED01_USUARIOID`,`ED06_SEGFECHA`,`ED06_SEGCOMENTARIOS`,`ED06_ARCHIVOADJUNTO`,`ED06_NOMBREARCHIVOADJUNTO`,`ED06_TIPOARCHIVOADJUNTO`,`ED06_FECHAULTIMAACTUALIZACION`,`ED06_REGISTRODETALLECAMBIO`) VALUES 
 (9,328,'jalcaino','2019-07-15','un seguimiento',0x2F6172636869766F735F75706C6F61642F6C6F67696E332E706466,'login3.pdf','application/pdf','2019-07-15 01:54:45','Usuario introduce comentarios de asistencia'),
 (10,328,'jalcaino','2019-07-15','un seguimiento',0x2F6172636869766F735F75706C6F61642F6C6F67696E332E706466,'login3.pdf','application/pdf','2019-07-15 01:58:07','Usuario introduce comentarios de asistencia');
/*!40000 ALTER TABLE `ED06_SEGUIMIENTO_ASISTENCIA_TECNICA` ENABLE KEYS */;


--
-- Definition of table `ED08_USUARIO_ACTIVIDAD`
--

DROP TABLE IF EXISTS `ED08_USUARIO_ACTIVIDAD`;
CREATE TABLE `ED08_USUARIO_ACTIVIDAD` (
  `ED01_USUARIOID` varchar(50) NOT NULL,
  `ED08_FECHAHORA` timestamp NOT NULL DEFAULT CURRENT_TIMESTAMP ON UPDATE CURRENT_TIMESTAMP,
  `ED08_ACCION` varchar(50) DEFAULT NULL,
  `ED08_MASINFO` text,
  PRIMARY KEY (`ED01_USUARIOID`,`ED08_FECHAHORA`)
) ENGINE=InnoDB DEFAULT CHARSET=latin1;

--
-- Dumping data for table `ED08_USUARIO_ACTIVIDAD`
--

/*!40000 ALTER TABLE `ED08_USUARIO_ACTIVIDAD` DISABLE KEYS */;
INSERT INTO `ED08_USUARIO_ACTIVIDAD` (`ED01_USUARIOID`,`ED08_FECHAHORA`,`ED08_ACCION`,`ED08_MASINFO`) VALUES 
 ('aaguero','2019-07-15 03:38:52','LOGIN',''),
 ('aaguero','2019-07-15 04:10:48','LOGIN',''),
 ('aaguero','2019-07-15 13:39:38','LOGIN',''),
 ('aaguero','2019-07-22 23:14:22','LOGIN',''),
 ('ayanez','2019-07-14 13:22:38','LOGIN',''),
 ('ayanez','2019-07-14 13:45:52','EDITAR SOLICITUD','NUM:1638'),
 ('ayanez','2019-07-14 13:46:48','AGREGAR SOLICITUD','NUM:1639'),
 ('ayanez','2019-07-14 13:47:23','EDITAR SOLICITUD','NUM:1639'),
 ('ayanez','2019-07-14 13:47:46','AGREGAR SOLICITUD','NUM:1640'),
 ('ayanez','2019-07-14 13:53:19','EDITAR SOLICITUD','NUM:1640'),
 ('ayanez','2019-07-14 13:58:41','EDITAR SOLICITUD','NUM:1640'),
 ('ayanez','2019-07-14 14:00:49','EDITAR SOLICITUD','NUM:1640'),
 ('ayanez','2019-07-14 14:01:13','AGREGAR SOLICITUD','NUM:1641'),
 ('ayanez','2019-07-14 21:24:14','LOGIN',''),
 ('ayanez','2019-07-14 21:25:03','AGREGAR SOLICITUD','NUM:1680'),
 ('ayanez','2019-07-14 21:39:20','AGREGAR SOLICITUD','NUM:1681'),
 ('ayanez','2019-07-14 21:59:07','LOGIN',''),
 ('ayanez','2019-07-14 21:59:38','EDITAR SOLICITUD','NUM:1681'),
 ('emartinez','2019-07-14 08:55:22','LOGIN',''),
 ('emartinez','2019-07-14 13:06:56','LOGIN',''),
 ('emartinez','2019-07-14 13:14:51','LOGIN',''),
 ('emartinez','2019-07-14 21:12:16','LOGIN',''),
 ('emartinez','2019-07-14 21:22:44','LOGIN',''),
 ('emartinez','2019-07-17 10:29:49','LOGIN',''),
 ('emartinez','2019-07-23 16:09:31','LOGIN',''),
 ('jalcaino','2019-07-13 21:03:33','LOGIN',''),
 ('jalcaino','2019-07-13 21:05:36','AGREGAR SOLICITUD','NUM:1637'),
 ('jalcaino','2019-07-13 21:06:55','INSERTAR TICKET INCIDENTE','NUM:7644'),
 ('jalcaino','2019-07-13 21:07:46','EDITAR TICKET INCIDENTE','NUM:7644'),
 ('jalcaino','2019-07-13 21:08:56','INSERTAR TICKET INCIDENTE','NUM:7645'),
 ('jalcaino','2019-07-13 21:09:22','AGREGAR ASISTENCIA','NUM:327'),
 ('jalcaino','2019-07-14 08:49:26','LOGIN',''),
 ('jalcaino','2019-07-14 10:15:59','LOGIN',''),
 ('jalcaino','2019-07-14 10:16:26','LOGIN',''),
 ('jalcaino','2019-07-14 12:23:44','INSERTAR TICKET INCIDENTE','NUM:7646'),
 ('jalcaino','2019-07-14 13:00:26','EDITAR TICKET INCIDENTE','NUM:7646'),
 ('jalcaino','2019-07-14 13:00:43','EDITAR TICKET INCIDENTE','NUM:7646'),
 ('jalcaino','2019-07-14 13:14:09','LOGIN',''),
 ('jalcaino','2019-07-14 13:14:32','AGREGAR SOLICITUD','NUM:1638'),
 ('jalcaino','2019-07-14 14:04:56','LOGIN',''),
 ('jalcaino','2019-07-14 16:04:04','AGREGAR SOLICITUD','NUM:1663'),
 ('jalcaino','2019-07-14 16:05:37','AGREGAR SOLICITUD','NUM:1664'),
 ('jalcaino','2019-07-14 16:16:37','AGREGAR SOLICITUD','NUM:1668'),
 ('jalcaino','2019-07-14 16:20:29','AGREGAR SOLICITUD','NUM:1670'),
 ('jalcaino','2019-07-14 16:24:29','AGREGAR SOLICITUD','NUM:1671'),
 ('jalcaino','2019-07-14 16:25:30','AGREGAR SOLICITUD','NUM:1672'),
 ('jalcaino','2019-07-14 16:26:29','AGREGAR SOLICITUD','NUM:1673'),
 ('jalcaino','2019-07-14 16:28:49','AGREGAR SOLICITUD','NUM:1674'),
 ('jalcaino','2019-07-14 17:36:34','LOGIN',''),
 ('jalcaino','2019-07-14 18:15:30','LOGIN',''),
 ('jalcaino','2019-07-14 20:20:16','LOGIN',''),
 ('jalcaino','2019-07-14 20:24:15','RECORDAR CLAVE','NUEVA CLAVE:5piah5x83t'),
 ('jalcaino','2019-07-14 20:25:04','LOGIN',''),
 ('jalcaino','2019-07-14 20:26:01','EDITAR USUARIO','ID:jalcaino'),
 ('jalcaino','2019-07-14 20:26:16','LOGIN',''),
 ('jalcaino','2019-07-14 21:11:33','AGREGAR SOLICITUD','NUM:1678'),
 ('jalcaino','2019-07-14 21:20:39','LOGIN',''),
 ('jalcaino','2019-07-14 21:21:12','AGREGAR SOLICITUD','NUM:1679'),
 ('jalcaino','2019-07-15 01:09:23','LOGIN',''),
 ('jalcaino','2019-07-15 01:11:15','AGREGAR SOLICITUD','NUM:1682'),
 ('jalcaino','2019-07-15 01:13:14','INSERTAR TICKET INCIDENTE','NUM:7647'),
 ('jalcaino','2019-07-15 01:17:35','INSERTAR TICKET INCIDENTE','NUM:7648'),
 ('jalcaino','2019-07-15 01:18:26','INSERTAR TICKET INCIDENTE','NUM:7649'),
 ('jalcaino','2019-07-15 01:21:43','INSERTAR TICKET INCIDENTE','NUM:7650'),
 ('jalcaino','2019-07-15 01:50:58','INSERTAR TICKET INCIDENTE','NUM:7651'),
 ('jalcaino','2019-07-15 01:51:48','EDITAR SOLICITUD','NUM:1682'),
 ('jalcaino','2019-07-15 01:52:09','EDITAR SOLICITUD','NUM:1682'),
 ('jalcaino','2019-07-15 01:52:31','EDITAR TICKET INCIDENTE','NUM:7650'),
 ('jalcaino','2019-07-15 01:53:43','AGREGAR ASISTENCIA','NUM:328'),
 ('jalcaino','2019-07-15 01:54:22','EDITAR ASISTENCIA','NUM:328'),
 ('jalcaino','2019-07-15 01:57:48','EDITAR ASISTENCIA','NUM:328'),
 ('jalcaino','2019-07-15 02:01:30','AGREGAR BITACORA ASISTENCIA','SEGUIMIENTO NUM:10 / ASISTENCIA NUM:328'),
 ('jalcaino','2019-07-15 02:05:04','AGREGAR BITACORA TICKET INCIDENTE','SEGUIMIENTO NUM:15578 / INCIDENTE NUM:7651'),
 ('jalcaino','2019-07-15 02:13:37','ELIMINAR TICKET INCIDENTE','NUM:7648'),
 ('jalcaino','2019-07-15 02:13:59','ELIMINAR ASISTENCIA','NUM:328'),
 ('jalcaino','2019-07-15 02:15:36','AGREGAR ASISTENCIA','NUM:329'),
 ('jalcaino','2019-07-15 13:42:30','LOGIN',''),
 ('jalcaino','2019-07-15 17:15:58','LOGIN',''),
 ('jalcaino','2019-07-16 18:53:32','LOGIN',''),
 ('jalcaino','2019-07-22 21:42:10','LOGIN',''),
 ('jortiz','2019-07-14 22:00:21','LOGIN','');
/*!40000 ALTER TABLE `ED08_USUARIO_ACTIVIDAD` ENABLE KEYS */;


--
-- Definition of table `ED09_USUARIO_NOTIFICADO_SEG_TICKET`
--

DROP TABLE IF EXISTS `ED09_USUARIO_NOTIFICADO_SEG_TICKET`;
CREATE TABLE `ED09_USUARIO_NOTIFICADO_SEG_TICKET` (
  `ED04_SEGTICKETID` int(11) NOT NULL,
  `ED01_USUARIOID` varchar(50) NOT NULL,
  `ED09_TIPONOTIFICACION` int(11) NOT NULL DEFAULT '0',
  `ED09_LEIDO` int(11) DEFAULT '0',
  `ED09_FECHANOTIFICACION` timestamp NOT NULL DEFAULT CURRENT_TIMESTAMP ON UPDATE CURRENT_TIMESTAMP,
  PRIMARY KEY (`ED04_SEGTICKETID`,`ED01_USUARIOID`,`ED09_TIPONOTIFICACION`,`ED09_FECHANOTIFICACION`) USING BTREE
) ENGINE=InnoDB DEFAULT CHARSET=latin1;

--
-- Dumping data for table `ED09_USUARIO_NOTIFICADO_SEG_TICKET`
--

/*!40000 ALTER TABLE `ED09_USUARIO_NOTIFICADO_SEG_TICKET` DISABLE KEYS */;
INSERT INTO `ED09_USUARIO_NOTIFICADO_SEG_TICKET` (`ED04_SEGTICKETID`,`ED01_USUARIOID`,`ED09_TIPONOTIFICACION`,`ED09_LEIDO`,`ED09_FECHANOTIFICACION`) VALUES 
 (15578,'aaedo',1,0,'2019-07-15 02:01:41'),
 (15578,'aaguero',1,1,'2019-07-15 04:34:27'),
 (15578,'ayanez',1,0,'2019-07-15 02:01:41'),
 (15578,'emartinez',1,0,'2019-07-15 02:01:41'),
 (15578,'gpiaggio',1,0,'2019-07-15 02:01:41'),
 (15578,'jortiz',1,0,'2019-07-15 02:01:41');
/*!40000 ALTER TABLE `ED09_USUARIO_NOTIFICADO_SEG_TICKET` ENABLE KEYS */;


--
-- Definition of table `ED10_USUARIO_NOTIFICADO_TICKET`
--

DROP TABLE IF EXISTS `ED10_USUARIO_NOTIFICADO_TICKET`;
CREATE TABLE `ED10_USUARIO_NOTIFICADO_TICKET` (
  `ED01_USUARIOID` varchar(50) NOT NULL,
  `ED03_TICKETID` int(11) NOT NULL,
  `ED10_TIPONOTIFICACION` int(11) NOT NULL DEFAULT '0',
  `ED10_LEIDO` int(11) DEFAULT '0',
  `ED10_FECHANOTIFICACION` timestamp NOT NULL DEFAULT CURRENT_TIMESTAMP ON UPDATE CURRENT_TIMESTAMP,
  PRIMARY KEY (`ED01_USUARIOID`,`ED03_TICKETID`,`ED10_TIPONOTIFICACION`,`ED10_FECHANOTIFICACION`) USING BTREE
) ENGINE=InnoDB DEFAULT CHARSET=latin1;

--
-- Dumping data for table `ED10_USUARIO_NOTIFICADO_TICKET`
--

/*!40000 ALTER TABLE `ED10_USUARIO_NOTIFICADO_TICKET` DISABLE KEYS */;
INSERT INTO `ED10_USUARIO_NOTIFICADO_TICKET` (`ED01_USUARIOID`,`ED03_TICKETID`,`ED10_TIPONOTIFICACION`,`ED10_LEIDO`,`ED10_FECHANOTIFICACION`) VALUES 
 ('aaedo',7651,1,0,'2019-07-15 01:47:34'),
 ('aaguero',7650,1,1,'2019-07-15 03:59:28'),
 ('aaguero',7651,1,1,'2019-07-15 04:34:27'),
 ('ayanez',7650,1,0,'2019-07-15 01:49:08'),
 ('ayanez',7651,1,0,'2019-07-15 01:47:34'),
 ('emartinez',7650,1,0,'2019-07-15 01:49:08'),
 ('emartinez',7651,1,0,'2019-07-15 01:47:34'),
 ('gpiaggio',7650,1,0,'2019-07-15 01:49:08'),
 ('gpiaggio',7651,1,0,'2019-07-15 01:47:34'),
 ('isegovia',7650,1,0,'2019-07-15 01:49:08'),
 ('jortiz',7650,1,0,'2019-07-15 01:49:08'),
 ('jortiz',7651,1,0,'2019-07-15 01:47:34');
/*!40000 ALTER TABLE `ED10_USUARIO_NOTIFICADO_TICKET` ENABLE KEYS */;


--
-- Definition of table `ED11_USUARIO_NOTIFICADO_ASISTENCIA`
--

DROP TABLE IF EXISTS `ED11_USUARIO_NOTIFICADO_ASISTENCIA`;
CREATE TABLE `ED11_USUARIO_NOTIFICADO_ASISTENCIA` (
  `ED01_USUARIOID` varchar(50) NOT NULL,
  `ED05_ASISTENCIAID` int(11) NOT NULL,
  `ED11_TIPONOTIFICACION` int(11) NOT NULL DEFAULT '0',
  `ED11_LEIDO` int(11) DEFAULT '0',
  `ED11_FECHANOTIFICACION` datetime NOT NULL,
  PRIMARY KEY (`ED01_USUARIOID`,`ED05_ASISTENCIAID`,`ED11_TIPONOTIFICACION`,`ED11_FECHANOTIFICACION`) USING BTREE
) ENGINE=InnoDB DEFAULT CHARSET=latin1;

--
-- Dumping data for table `ED11_USUARIO_NOTIFICADO_ASISTENCIA`
--

/*!40000 ALTER TABLE `ED11_USUARIO_NOTIFICADO_ASISTENCIA` DISABLE KEYS */;
INSERT INTO `ED11_USUARIO_NOTIFICADO_ASISTENCIA` (`ED01_USUARIOID`,`ED05_ASISTENCIAID`,`ED11_TIPONOTIFICACION`,`ED11_LEIDO`,`ED11_FECHANOTIFICACION`) VALUES 
 ('aaguero',329,1,1,'2019-07-15 03:59:12'),
 ('ayanez',329,1,0,'2019-07-15 02:12:13'),
 ('emartinez',329,1,0,'2019-07-15 02:12:13'),
 ('gpiaggio',329,1,0,'2019-07-15 02:12:13'),
 ('jortiz',329,1,0,'2019-07-15 02:12:13');
/*!40000 ALTER TABLE `ED11_USUARIO_NOTIFICADO_ASISTENCIA` ENABLE KEYS */;


--
-- Definition of table `ED12_USUARIO_NOTIFICADO_SEG_ASIS`
--

DROP TABLE IF EXISTS `ED12_USUARIO_NOTIFICADO_SEG_ASIS`;
CREATE TABLE `ED12_USUARIO_NOTIFICADO_SEG_ASIS` (
  `ED01_USUARIOID` varchar(50) NOT NULL,
  `ED06_SEGASISTENCIAID` int(11) NOT NULL,
  `ED12_TIPONOTIFICACION` int(11) NOT NULL DEFAULT '0',
  `ED12_LEIDO` int(11) DEFAULT '0',
  `ED12_FECHANOTIFICACION` timestamp NOT NULL DEFAULT CURRENT_TIMESTAMP ON UPDATE CURRENT_TIMESTAMP,
  PRIMARY KEY (`ED01_USUARIOID`,`ED06_SEGASISTENCIAID`,`ED12_TIPONOTIFICACION`,`ED12_FECHANOTIFICACION`) USING BTREE
) ENGINE=InnoDB DEFAULT CHARSET=latin1;

--
-- Dumping data for table `ED12_USUARIO_NOTIFICADO_SEG_ASIS`
--

/*!40000 ALTER TABLE `ED12_USUARIO_NOTIFICADO_SEG_ASIS` DISABLE KEYS */;
INSERT INTO `ED12_USUARIO_NOTIFICADO_SEG_ASIS` (`ED01_USUARIOID`,`ED06_SEGASISTENCIAID`,`ED12_TIPONOTIFICACION`,`ED12_LEIDO`,`ED12_FECHANOTIFICACION`) VALUES 
 ('aaguero',10,1,0,'2019-07-15 01:58:07'),
 ('ayanez',10,1,0,'2019-07-15 01:58:07'),
 ('emartinez',10,1,0,'2019-07-15 01:58:07'),
 ('gpiaggio',10,1,0,'2019-07-15 01:58:07'),
 ('isegovia',10,1,0,'2019-07-15 01:58:07'),
 ('jguzman',10,1,0,'2019-07-15 01:58:07'),
 ('jortiz',10,1,0,'2019-07-15 01:58:07');
/*!40000 ALTER TABLE `ED12_USUARIO_NOTIFICADO_SEG_ASIS` ENABLE KEYS */;


--
-- Definition of table `ED13_TICKET_ASISTENCIA_TECNICA`
--

DROP TABLE IF EXISTS `ED13_TICKET_ASISTENCIA_TECNICA`;
CREATE TABLE `ED13_TICKET_ASISTENCIA_TECNICA` (
  `ED03_TICKETID` int(11) NOT NULL DEFAULT '0',
  `ED05_ASISTENCIAID` int(11) NOT NULL,
  PRIMARY KEY (`ED03_TICKETID`,`ED05_ASISTENCIAID`)
) ENGINE=InnoDB DEFAULT CHARSET=latin1;

--
-- Dumping data for table `ED13_TICKET_ASISTENCIA_TECNICA`
--

/*!40000 ALTER TABLE `ED13_TICKET_ASISTENCIA_TECNICA` DISABLE KEYS */;
INSERT INTO `ED13_TICKET_ASISTENCIA_TECNICA` (`ED03_TICKETID`,`ED05_ASISTENCIAID`) VALUES 
 (7641,324),
 (7645,327);
/*!40000 ALTER TABLE `ED13_TICKET_ASISTENCIA_TECNICA` ENABLE KEYS */;


--
-- Definition of table `ED14_SOLICITUD_TICKET`
--

DROP TABLE IF EXISTS `ED14_SOLICITUD_TICKET`;
CREATE TABLE `ED14_SOLICITUD_TICKET` (
  `ED02_SOLICITUDID` int(11) NOT NULL,
  `ED03_TICKETID` int(11) NOT NULL,
  PRIMARY KEY (`ED02_SOLICITUDID`,`ED03_TICKETID`)
) ENGINE=InnoDB DEFAULT CHARSET=latin1;

--
-- Dumping data for table `ED14_SOLICITUD_TICKET`
--

/*!40000 ALTER TABLE `ED14_SOLICITUD_TICKET` DISABLE KEYS */;
INSERT INTO `ED14_SOLICITUD_TICKET` (`ED02_SOLICITUDID`,`ED03_TICKETID`) VALUES 
 (1626,7641),
 (1627,7640),
 (1635,7642),
 (1636,7643),
 (1637,7644);
/*!40000 ALTER TABLE `ED14_SOLICITUD_TICKET` ENABLE KEYS */;


--
-- Definition of table `ED16_SOLICITUD_ASISTENCIA`
--

DROP TABLE IF EXISTS `ED16_SOLICITUD_ASISTENCIA`;
CREATE TABLE `ED16_SOLICITUD_ASISTENCIA` (
  `ED02_SOLICITUDID` int(11) NOT NULL,
  `ED05_ASISTENCIAID` int(11) NOT NULL,
  PRIMARY KEY (`ED02_SOLICITUDID`,`ED05_ASISTENCIAID`)
) ENGINE=InnoDB DEFAULT CHARSET=latin1;

--
-- Dumping data for table `ED16_SOLICITUD_ASISTENCIA`
--

/*!40000 ALTER TABLE `ED16_SOLICITUD_ASISTENCIA` DISABLE KEYS */;
INSERT INTO `ED16_SOLICITUD_ASISTENCIA` (`ED02_SOLICITUDID`,`ED05_ASISTENCIAID`) VALUES 
 (1628,323),
 (1629,325),
 (1631,326);
/*!40000 ALTER TABLE `ED16_SOLICITUD_ASISTENCIA` ENABLE KEYS */;


--
-- Definition of table `ED17_USUARIO_NOTIFICADO_SOLICITUD`
--

DROP TABLE IF EXISTS `ED17_USUARIO_NOTIFICADO_SOLICITUD`;
CREATE TABLE `ED17_USUARIO_NOTIFICADO_SOLICITUD` (
  `ED02_SOLICITUDID` int(11) NOT NULL,
  `ED01_USUARIOID` varchar(50) NOT NULL,
  `ED17_TIPONOTIFICACION` int(11) NOT NULL DEFAULT '0',
  `ED17_LEIDO` int(11) DEFAULT '0',
  `ED17_FECHANOTIFICACION` datetime NOT NULL,
  PRIMARY KEY (`ED02_SOLICITUDID`,`ED01_USUARIOID`,`ED17_TIPONOTIFICACION`,`ED17_FECHANOTIFICACION`) USING BTREE
) ENGINE=InnoDB DEFAULT CHARSET=latin1;

--
-- Dumping data for table `ED17_USUARIO_NOTIFICADO_SOLICITUD`
--

/*!40000 ALTER TABLE `ED17_USUARIO_NOTIFICADO_SOLICITUD` DISABLE KEYS */;
INSERT INTO `ED17_USUARIO_NOTIFICADO_SOLICITUD` (`ED02_SOLICITUDID`,`ED01_USUARIOID`,`ED17_TIPONOTIFICACION`,`ED17_LEIDO`,`ED17_FECHANOTIFICACION`) VALUES 
 (1682,'aaguero',1,1,'2019-07-15 04:26:51'),
 (1682,'aaguero',1,1,'2019-07-15 05:26:59'),
 (1682,'ayanez',1,1,'2019-07-15 01:07:51'),
 (1682,'ayanez',1,1,'2019-07-15 01:48:24'),
 (1682,'ayanez',1,1,'2019-07-15 01:48:45'),
 (1682,'emartinez',1,0,'2019-07-15 01:07:51'),
 (1682,'emartinez',1,0,'2019-07-15 01:48:24'),
 (1682,'emartinez',1,0,'2019-07-15 01:48:45'),
 (1682,'gpiaggio',1,0,'2019-07-15 01:07:51'),
 (1682,'gpiaggio',1,0,'2019-07-15 01:48:24'),
 (1682,'gpiaggio',1,0,'2019-07-15 01:48:45'),
 (1682,'jortiz',1,0,'2019-07-15 01:07:51'),
 (1682,'jortiz',1,0,'2019-07-15 01:48:24'),
 (1682,'jortiz',1,0,'2019-07-15 01:48:45');
/*!40000 ALTER TABLE `ED17_USUARIO_NOTIFICADO_SOLICITUD` ENABLE KEYS */;


--
-- Definition of table `SIS01_SECTOR`
--

DROP TABLE IF EXISTS `SIS01_SECTOR`;
CREATE TABLE `SIS01_SECTOR` (
  `SIS01_SECTORID` varchar(50) NOT NULL,
  `SIS01_SECTORDESCRIPCION` text,
  PRIMARY KEY (`SIS01_SECTORID`)
) ENGINE=InnoDB DEFAULT CHARSET=latin1;

--
-- Dumping data for table `SIS01_SECTOR`
--

/*!40000 ALTER TABLE `SIS01_SECTOR` DISABLE KEYS */;
INSERT INTO `SIS01_SECTOR` (`SIS01_SECTORID`,`SIS01_SECTORDESCRIPCION`) VALUES 
 ('INF','Informática'),
 ('LAB','Laboratorio / Mesa Ayuda'),
 ('PED','Pedagogía'),
 ('SAC','Servicio al cliente');
/*!40000 ALTER TABLE `SIS01_SECTOR` ENABLE KEYS */;


--
-- Definition of table `SIS02_NIVEL_USUARIO`
--

DROP TABLE IF EXISTS `SIS02_NIVEL_USUARIO`;
CREATE TABLE `SIS02_NIVEL_USUARIO` (
  `SIS02_NIVELID` int(11) NOT NULL,
  `SIS02_NIVELDESCRIPCION` text,
  `SIS01_SECTORID` varchar(50) NOT NULL,
  PRIMARY KEY (`SIS02_NIVELID`)
) ENGINE=InnoDB DEFAULT CHARSET=latin1;

--
-- Dumping data for table `SIS02_NIVEL_USUARIO`
--

/*!40000 ALTER TABLE `SIS02_NIVEL_USUARIO` DISABLE KEYS */;
INSERT INTO `SIS02_NIVEL_USUARIO` (`SIS02_NIVELID`,`SIS02_NIVELDESCRIPCION`,`SIS01_SECTORID`) VALUES 
 (1,'Administrador','INF'),
 (2,'Supervisor mesa de ayuda','LAB'),
 (3,'Operador Mesa de ayuda','LAB'),
 (4,'Técnico soporte mesa de ayuda','LAB'),
 (5,'Informática Gerencia','INF'),
 (6,'Informática  Desarrollo','INF'),
 (7,'Supervisor Sac','SAC'),
 (8,'Asesor Sac','SAC'),
 (9,'Pedagogía Desarrollador','PED');
/*!40000 ALTER TABLE `SIS02_NIVEL_USUARIO` ENABLE KEYS */;


--
-- Definition of table `SIS04_PRODUCTO`
--

DROP TABLE IF EXISTS `SIS04_PRODUCTO`;
CREATE TABLE `SIS04_PRODUCTO` (
  `SIS04_PRODUCTOID` varchar(20) NOT NULL,
  `SIS04_PRODUCTODESCRIPCION` varchar(50) DEFAULT NULL,
  PRIMARY KEY (`SIS04_PRODUCTOID`)
) ENGINE=InnoDB DEFAULT CHARSET=latin1;

--
-- Dumping data for table `SIS04_PRODUCTO`
--

/*!40000 ALTER TABLE `SIS04_PRODUCTO` DISABLE KEYS */;
INSERT INTO `SIS04_PRODUCTO` (`SIS04_PRODUCTOID`,`SIS04_PRODUCTODESCRIPCION`) VALUES 
 ('EMAT-BASICA','EMAT-BASICA'),
 ('EMAT-INICIAL','EMAT-INICIAL'),
 ('EMAT-MEDIA','EMAT-MEDIA'),
 ('EMAT-PSU','EMAT-PSU');
/*!40000 ALTER TABLE `SIS04_PRODUCTO` ENABLE KEYS */;


--
-- Definition of table `SIS05_MODULO`
--

DROP TABLE IF EXISTS `SIS05_MODULO`;
CREATE TABLE `SIS05_MODULO` (
  `SIS05_CODIGOMODULO` varchar(50) NOT NULL,
  `SIS06_TECNOLOGIAID` varchar(50) DEFAULT NULL,
  PRIMARY KEY (`SIS05_CODIGOMODULO`)
) ENGINE=InnoDB DEFAULT CHARSET=latin1;

--
-- Dumping data for table `SIS05_MODULO`
--

/*!40000 ALTER TABLE `SIS05_MODULO` DISABLE KEYS */;
INSERT INTO `SIS05_MODULO` (`SIS05_CODIGOMODULO`,`SIS06_TECNOLOGIAID`) VALUES 
 ('1JA3','A-SIN-INFO'),
 ('2JA3','A-SIN-INFO'),
 ('3JA3','A-SIN-INFO'),
 ('4012019S','A-SIN-INFO'),
 ('4022019S','A-SIN-INFO'),
 ('6012019S','A-SIN-INFO'),
 ('6022019S','A-SIN-INFO'),
 ('8012019S','A-SIN-INFO'),
 ('8022019S','A-SIN-INFO'),
 ('A-SIN-INFO','A-SIN-INFO'),
 ('B1A2','A-SIN-INFO'),
 ('B1A3','A-SIN-INFO'),
 ('B1A4','A-SIN-INFO'),
 ('B2A2','A-SIN-INFO'),
 ('B2A3','A-SIN-INFO'),
 ('B2A4','A-SIN-INFO'),
 ('B2A5','A-SIN-INFO'),
 ('B3A2','A-SIN-INFO'),
 ('B3A3','A-SIN-INFO'),
 ('B3A4','A-SIN-INFO'),
 ('B3A5','A-SIN-INFO'),
 ('B4A2','A-SIN-INFO'),
 ('B4A3','A-SIN-INFO'),
 ('B4A4','A-SIN-INFO'),
 ('B4A5','A-SIN-INFO'),
 ('B511','A-SIN-INFO'),
 ('B512','A-SIN-INFO'),
 ('B513','A-SIN-INFO'),
 ('B521','A-SIN-INFO'),
 ('B522','A-SIN-INFO'),
 ('B523','A-SIN-INFO'),
 ('B5A2','A-SIN-INFO'),
 ('B5A3','A-SIN-INFO'),
 ('B5A4','A-SIN-INFO'),
 ('B5A5','A-SIN-INFO'),
 ('B5Z1','A-SIN-INFO'),
 ('B5Z2','A-SIN-INFO'),
 ('B611','A-SIN-INFO'),
 ('B612','A-SIN-INFO'),
 ('B613','A-SIN-INFO'),
 ('B621','A-SIN-INFO'),
 ('B622','A-SIN-INFO'),
 ('B623','A-SIN-INFO'),
 ('B6A2','A-SIN-INFO'),
 ('B6A3','A-SIN-INFO'),
 ('B6A4','A-SIN-INFO'),
 ('B6A5','A-SIN-INFO'),
 ('B6Z1','A-SIN-INFO'),
 ('B6Z2','A-SIN-INFO'),
 ('BIA2','A-SIN-INFO'),
 ('BIA3','A-SIN-INFO'),
 ('BIA4','A-SIN-INFO'),
 ('C0A0','A-SIN-INFO'),
 ('C1A1','A-SIN-INFO'),
 ('C1A2','A-SIN-INFO'),
 ('C1A3','A-SIN-INFO'),
 ('C1A4','A-SIN-INFO'),
 ('C1A7','A-SIN-INFO'),
 ('C2A1','A-SIN-INFO'),
 ('C2A2','A-SIN-INFO'),
 ('C2A3','A-SIN-INFO'),
 ('C2A4','A-SIN-INFO'),
 ('C2A7','A-SIN-INFO'),
 ('C3A1','A-SIN-INFO'),
 ('C3A2','A-SIN-INFO'),
 ('C3A3','A-SIN-INFO'),
 ('C3A4','A-SIN-INFO'),
 ('C3A7','A-SIN-INFO'),
 ('C4A0','A-SIN-INFO'),
 ('C4A1','A-SIN-INFO'),
 ('C4A2','A-SIN-INFO'),
 ('C4A3','A-SIN-INFO'),
 ('C4A4','A-SIN-INFO'),
 ('C4A5','A-SIN-INFO'),
 ('C4A6','A-SIN-INFO'),
 ('C4A7','A-SIN-INFO'),
 ('C5A1','A-SIN-INFO'),
 ('C5A2','A-SIN-INFO'),
 ('C5A3','A-SIN-INFO'),
 ('C5A4','A-SIN-INFO'),
 ('C6A1','A-SIN-INFO'),
 ('C6A2','A-SIN-INFO'),
 ('C6A3','A-SIN-INFO'),
 ('C6A4','A-SIN-INFO'),
 ('C7A1','A-SIN-INFO'),
 ('C7A2','A-SIN-INFO'),
 ('C7A3','A-SIN-INFO'),
 ('C7A4','A-SIN-INFO'),
 ('C7A5','A-SIN-INFO'),
 ('C7A6','A-SIN-INFO'),
 ('C7A7','A-SIN-INFO'),
 ('C8A2','A-SIN-INFO'),
 ('C8A3','A-SIN-INFO'),
 ('C8A4','A-SIN-INFO'),
 ('c9a2','A-SIN-INFO'),
 ('c9a3','A-SIN-INFO'),
 ('C9A4','A-SIN-INFO'),
 ('CATA','A-SIN-INFO'),
 ('CFA5','A-SIN-INFO'),
 ('CFA9','A-SIN-INFO'),
 ('CHA2','A-SIN-INFO'),
 ('CHA3','A-SIN-INFO'),
 ('CHB3','A-SIN-INFO'),
 ('codprueba','A-SIN-INFO'),
 ('CTA2','A-SIN-INFO'),
 ('CTA3','A-SIN-INFO'),
 ('CTB3','A-SIN-INFO'),
 ('CUA2','A-SIN-INFO'),
 ('CUA3','A-SIN-INFO'),
 ('CUB3','A-SIN-INFO'),
 ('CVA2','A-SIN-INFO'),
 ('CVA3','A-SIN-INFO'),
 ('CVA4','A-SIN-INFO'),
 ('CVA5','A-SIN-INFO'),
 ('CVB3','A-SIN-INFO'),
 ('CW11','A-SIN-INFO'),
 ('CW12','A-SIN-INFO'),
 ('CW13','A-SIN-INFO'),
 ('CW21','A-SIN-INFO'),
 ('CW22','A-SIN-INFO'),
 ('CW23','A-SIN-INFO'),
 ('CWA2','A-SIN-INFO'),
 ('CWA3','A-SIN-INFO'),
 ('CWA5','A-SIN-INFO'),
 ('CWB2','A-SIN-INFO'),
 ('CWZ1','A-SIN-INFO'),
 ('CWZ2','A-SIN-INFO'),
 ('CXA2','A-SIN-INFO'),
 ('CXA3','A-SIN-INFO'),
 ('CXA4','A-SIN-INFO'),
 ('CXA5','A-SIN-INFO'),
 ('CXB3','A-SIN-INFO'),
 ('CYA2','A-SIN-INFO'),
 ('CYA3','A-SIN-INFO'),
 ('CYA4','A-SIN-INFO'),
 ('CYA5','A-SIN-INFO'),
 ('CYB3','A-SIN-INFO'),
 ('CZA2','A-SIN-INFO'),
 ('CZA3','A-SIN-INFO'),
 ('CZA4','A-SIN-INFO'),
 ('CZA5','A-SIN-INFO'),
 ('CZB2','A-SIN-INFO'),
 ('CZB3','A-SIN-INFO'),
 ('D0A0','A-SIN-INFO'),
 ('D1A0','A-SIN-INFO'),
 ('D1A1','A-SIN-INFO'),
 ('D1A2','A-SIN-INFO'),
 ('D1A3','A-SIN-INFO'),
 ('D1A4','A-SIN-INFO'),
 ('D1B0','A-SIN-INFO'),
 ('D1B0B','A-SIN-INFO'),
 ('D1B0E','A-SIN-INFO'),
 ('D1C0','A-SIN-INFO'),
 ('D1C0E','A-SIN-INFO'),
 ('D1D0','A-SIN-INFO'),
 ('D1E0','A-SIN-INFO'),
 ('D1E0E','A-SIN-INFO'),
 ('D2A0','A-SIN-INFO'),
 ('D2A1','A-SIN-INFO'),
 ('D2A2','A-SIN-INFO'),
 ('D2A3','A-SIN-INFO'),
 ('D2A4','A-SIN-INFO'),
 ('D2B0','A-SIN-INFO'),
 ('D2B0B','A-SIN-INFO'),
 ('D2B0E','A-SIN-INFO'),
 ('D2C0','A-SIN-INFO'),
 ('D2C0E','A-SIN-INFO'),
 ('D2D0','A-SIN-INFO'),
 ('D2E0','A-SIN-INFO'),
 ('D2E0E','A-SIN-INFO'),
 ('D2U4','A-SIN-INFO'),
 ('D3A1','A-SIN-INFO'),
 ('D3A2','A-SIN-INFO'),
 ('D3A3','A-SIN-INFO'),
 ('D3A4','A-SIN-INFO'),
 ('D3A9','A-SIN-INFO'),
 ('D3B9','A-SIN-INFO'),
 ('D3C9','A-SIN-INFO'),
 ('D3U4','A-SIN-INFO'),
 ('D4A0','A-SIN-INFO'),
 ('D4A1','A-SIN-INFO'),
 ('D4A2','A-SIN-INFO'),
 ('D4A3','A-SIN-INFO'),
 ('D4A4','A-SIN-INFO'),
 ('D4A5','A-SIN-INFO'),
 ('D4A6','A-SIN-INFO'),
 ('D4A9','A-SIN-INFO'),
 ('D4B9','A-SIN-INFO'),
 ('D4C9','A-SIN-INFO'),
 ('D4U4','A-SIN-INFO'),
 ('D5A1','A-SIN-INFO'),
 ('D5A2','A-SIN-INFO'),
 ('D5A3','A-SIN-INFO'),
 ('D5A4','A-SIN-INFO'),
 ('D5U4','A-SIN-INFO'),
 ('D6A1','A-SIN-INFO'),
 ('D6A2','A-SIN-INFO'),
 ('D6A3','A-SIN-INFO'),
 ('D6A4','A-SIN-INFO'),
 ('D6A5','A-SIN-INFO'),
 ('D6A6','A-SIN-INFO'),
 ('D6U4','A-SIN-INFO'),
 ('DAA2','A-SIN-INFO'),
 ('DAA3','A-SIN-INFO'),
 ('DAA4','A-SIN-INFO'),
 ('DAA5','A-SIN-INFO'),
 ('DFA5','A-SIN-INFO'),
 ('DFA9','A-SIN-INFO'),
 ('DMA1','A-SIN-INFO'),
 ('DUA2','A-SIN-INFO'),
 ('DUA3','A-SIN-INFO'),
 ('DUA5','A-SIN-INFO'),
 ('DXA2','A-SIN-INFO'),
 ('DXA3','A-SIN-INFO'),
 ('DXA5','A-SIN-INFO'),
 ('DYA2','A-SIN-INFO'),
 ('DYA3','A-SIN-INFO'),
 ('DYA5','A-SIN-INFO'),
 ('DZ11','A-SIN-INFO'),
 ('DZ12','A-SIN-INFO'),
 ('DZ13','A-SIN-INFO'),
 ('DZ21','A-SIN-INFO'),
 ('DZ22','A-SIN-INFO'),
 ('DZ23','A-SIN-INFO'),
 ('DZA2','A-SIN-INFO'),
 ('DZA3','A-SIN-INFO'),
 ('DZA5','A-SIN-INFO'),
 ('DZZ1','A-SIN-INFO'),
 ('DZZ2','A-SIN-INFO'),
 ('E0A0','A-SIN-INFO'),
 ('E1A1','A-SIN-INFO'),
 ('E1A2','A-SIN-INFO'),
 ('E1A3','A-SIN-INFO'),
 ('E1A4','A-SIN-INFO'),
 ('E1U4','A-SIN-INFO'),
 ('E2A1','A-SIN-INFO'),
 ('E2A2','A-SIN-INFO'),
 ('E2A3','A-SIN-INFO'),
 ('E2A4','A-SIN-INFO'),
 ('E2U4','A-SIN-INFO'),
 ('E3A1','A-SIN-INFO'),
 ('E3A2','A-SIN-INFO'),
 ('E3A3','A-SIN-INFO'),
 ('E3A4','A-SIN-INFO'),
 ('E3U4','A-SIN-INFO'),
 ('E4A0','A-SIN-INFO'),
 ('E4A1','A-SIN-INFO'),
 ('E4A2','A-SIN-INFO'),
 ('E4A3','A-SIN-INFO'),
 ('E4A4','A-SIN-INFO'),
 ('E4A5','A-SIN-INFO'),
 ('E4A6','A-SIN-INFO'),
 ('E4U4','A-SIN-INFO'),
 ('E5A1','A-SIN-INFO'),
 ('E5A2','A-SIN-INFO'),
 ('E5A3','A-SIN-INFO'),
 ('E5A4','A-SIN-INFO'),
 ('E5U4','A-SIN-INFO'),
 ('E6A1','A-SIN-INFO'),
 ('E6A2','A-SIN-INFO'),
 ('E6A3','A-SIN-INFO'),
 ('E6A4','A-SIN-INFO'),
 ('E7A1','A-SIN-INFO'),
 ('E7A2','A-SIN-INFO'),
 ('E7A3','A-SIN-INFO'),
 ('E7A4','A-SIN-INFO'),
 ('E7A5','A-SIN-INFO'),
 ('E7A6','A-SIN-INFO'),
 ('E7U4','A-SIN-INFO'),
 ('E8A2','A-SIN-INFO'),
 ('E8A2-1','A-SIN-INFO'),
 ('E8A3','A-SIN-INFO'),
 ('E8A3-1','A-SIN-INFO'),
 ('E8A4','A-SIN-INFO'),
 ('E8B3','A-SIN-INFO'),
 ('EFA5','A-SIN-INFO'),
 ('EFA9','A-SIN-INFO'),
 ('EJT1','A-SIN-INFO'),
 ('EJT3','A-SIN-INFO'),
 ('ENC2019AL','A-SIN-INFO'),
 ('ENC2019INIAL','A-SIN-INFO'),
 ('ENC2019TU','A-SIN-INFO'),
 ('EXA2','A-SIN-INFO'),
 ('EXA3','A-SIN-INFO'),
 ('EXA4','A-SIN-INFO'),
 ('EXA5','A-SIN-INFO'),
 ('EXB3','A-SIN-INFO'),
 ('EYA2','A-SIN-INFO'),
 ('EYA3','A-SIN-INFO'),
 ('EYA4','A-SIN-INFO'),
 ('EYA5','A-SIN-INFO'),
 ('EYB3','A-SIN-INFO'),
 ('EZA2','A-SIN-INFO'),
 ('EZA3','A-SIN-INFO'),
 ('EZA5','A-SIN-INFO'),
 ('EZB2','A-SIN-INFO'),
 ('F0A0','A-SIN-INFO'),
 ('F1A1','A-SIN-INFO'),
 ('F1A2','A-SIN-INFO'),
 ('F1A3','A-SIN-INFO'),
 ('F1A4','A-SIN-INFO'),
 ('F1U4','A-SIN-INFO'),
 ('F2A1','A-SIN-INFO'),
 ('F2A2','A-SIN-INFO'),
 ('F2A3','A-SIN-INFO'),
 ('F2A4','A-SIN-INFO'),
 ('F3A1','A-SIN-INFO'),
 ('F3A2','A-SIN-INFO'),
 ('F3A3','A-SIN-INFO'),
 ('F3A4','A-SIN-INFO'),
 ('F3U4','A-SIN-INFO'),
 ('F4A0','A-SIN-INFO'),
 ('F4A1','A-SIN-INFO'),
 ('F4A2','A-SIN-INFO'),
 ('F4A3','A-SIN-INFO'),
 ('F4A4','A-SIN-INFO'),
 ('F5A1','A-SIN-INFO'),
 ('F5A2','A-SIN-INFO'),
 ('F5A3','A-SIN-INFO'),
 ('F5A4','A-SIN-INFO'),
 ('F5A5','A-SIN-INFO'),
 ('F5A6','A-SIN-INFO'),
 ('F6A1','A-SIN-INFO'),
 ('F6A2','A-SIN-INFO'),
 ('F6A3','A-SIN-INFO'),
 ('F6A4','A-SIN-INFO'),
 ('F7A1','A-SIN-INFO'),
 ('F7A2','A-SIN-INFO'),
 ('F7A3','A-SIN-INFO'),
 ('F7A4','A-SIN-INFO'),
 ('F8A1','A-SIN-INFO'),
 ('F8A2','A-SIN-INFO'),
 ('F8A3','A-SIN-INFO'),
 ('F8A4','A-SIN-INFO'),
 ('F8A5','A-SIN-INFO'),
 ('F8A6','A-SIN-INFO'),
 ('FAA2','A-SIN-INFO'),
 ('FAA3','A-SIN-INFO'),
 ('FAA4','A-SIN-INFO'),
 ('FAA5','A-SIN-INFO'),
 ('FBA2','A-SIN-INFO'),
 ('FBA3','A-SIN-INFO'),
 ('FBA4','A-SIN-INFO'),
 ('FBA5','A-SIN-INFO'),
 ('FCA2','A-SIN-INFO'),
 ('FCA3','A-SIN-INFO'),
 ('FCA4','A-SIN-INFO'),
 ('FCA5','A-SIN-INFO'),
 ('FD11','A-SIN-INFO'),
 ('FD12','A-SIN-INFO'),
 ('FD13','A-SIN-INFO'),
 ('FD21','A-SIN-INFO'),
 ('FD22','A-SIN-INFO'),
 ('FD23','A-SIN-INFO'),
 ('FDA2','A-SIN-INFO'),
 ('FDA3','A-SIN-INFO'),
 ('fda4','A-SIN-INFO'),
 ('FDA5','A-SIN-INFO'),
 ('FDZ1','A-SIN-INFO'),
 ('FDZ2','A-SIN-INFO'),
 ('FEA2','A-SIN-INFO'),
 ('FEA3','A-SIN-INFO'),
 ('FEA4','A-SIN-INFO'),
 ('FEA5','A-SIN-INFO'),
 ('FFA5','A-SIN-INFO'),
 ('FFA9','A-SIN-INFO'),
 ('FPA2','A-SIN-INFO'),
 ('FPA3','A-SIN-INFO'),
 ('FPA5','A-SIN-INFO'),
 ('FPB2','A-SIN-INFO'),
 ('FPB3','A-SIN-INFO'),
 ('FUA2','A-SIN-INFO'),
 ('FUA3','A-SIN-INFO'),
 ('FUB3','A-SIN-INFO'),
 ('FXA2','A-SIN-INFO'),
 ('FXA3','A-SIN-INFO'),
 ('FXA4','A-SIN-INFO'),
 ('FXA5','A-SIN-INFO'),
 ('FYA2','A-SIN-INFO'),
 ('FYA3','A-SIN-INFO'),
 ('FYA5','A-SIN-INFO'),
 ('FZA2','A-SIN-INFO'),
 ('FZA3','A-SIN-INFO'),
 ('FZA5','A-SIN-INFO'),
 ('G1A1','A-SIN-INFO'),
 ('G1A2','A-SIN-INFO'),
 ('G1A3','A-SIN-INFO'),
 ('G1A4','A-SIN-INFO'),
 ('G1A7','A-SIN-INFO'),
 ('G1B7','A-SIN-INFO'),
 ('G1C7','A-SIN-INFO'),
 ('G1D7','A-SIN-INFO'),
 ('G2A1','A-SIN-INFO'),
 ('G2A2','A-SIN-INFO'),
 ('G2A3','A-SIN-INFO'),
 ('G2A4','A-SIN-INFO'),
 ('G2A7','A-SIN-INFO'),
 ('G2B7','A-SIN-INFO'),
 ('G3A1','A-SIN-INFO'),
 ('G3A2','A-SIN-INFO'),
 ('G3A3','A-SIN-INFO'),
 ('G3A4','A-SIN-INFO'),
 ('G3A7','A-SIN-INFO'),
 ('G3B7','A-SIN-INFO'),
 ('G411','A-SIN-INFO'),
 ('G412','A-SIN-INFO'),
 ('G413','A-SIN-INFO'),
 ('G421','A-SIN-INFO'),
 ('G422','A-SIN-INFO'),
 ('G423','A-SIN-INFO'),
 ('G4A1','A-SIN-INFO'),
 ('G4A2','A-SIN-INFO'),
 ('G4A3','A-SIN-INFO'),
 ('G4A4','A-SIN-INFO'),
 ('G4A5','A-SIN-INFO'),
 ('G4A7','A-SIN-INFO'),
 ('G4B7','A-SIN-INFO'),
 ('G4Z1','A-SIN-INFO'),
 ('G4Z2','A-SIN-INFO'),
 ('G5A1','A-SIN-INFO'),
 ('G5A2','A-SIN-INFO'),
 ('G5A3','A-SIN-INFO'),
 ('G5A4','A-SIN-INFO'),
 ('G6A1','A-SIN-INFO'),
 ('G6A2','A-SIN-INFO'),
 ('G6A3','A-SIN-INFO'),
 ('G6A4','A-SIN-INFO'),
 ('G7A1','A-SIN-INFO'),
 ('G7A2','A-SIN-INFO'),
 ('G7A3','A-SIN-INFO'),
 ('G7A4','A-SIN-INFO'),
 ('G7A5','A-SIN-INFO'),
 ('G8A2','A-SIN-INFO'),
 ('G8A3','A-SIN-INFO'),
 ('G8A3-1','A-SIN-INFO'),
 ('G8A4','A-SIN-INFO'),
 ('G8A5','A-SIN-INFO'),
 ('G8B3','A-SIN-INFO'),
 ('G9A2','A-SIN-INFO'),
 ('G9A3','A-SIN-INFO'),
 ('G9A4','A-SIN-INFO'),
 ('G9A5','A-SIN-INFO'),
 ('GAA1','A-SIN-INFO'),
 ('GAA2','A-SIN-INFO'),
 ('GAA3','A-SIN-INFO'),
 ('GAA4','A-SIN-INFO'),
 ('GAA5','A-SIN-INFO'),
 ('GAB3','A-SIN-INFO'),
 ('GBA2','A-SIN-INFO'),
 ('GBA3','A-SIN-INFO'),
 ('GBA4','A-SIN-INFO'),
 ('GBB3','A-SIN-INFO'),
 ('GCA2','A-SIN-INFO'),
 ('GCA3','A-SIN-INFO'),
 ('GCA5','A-SIN-INFO'),
 ('GCB3','A-SIN-INFO'),
 ('GDA2','A-SIN-INFO'),
 ('GDA3','A-SIN-INFO'),
 ('GDA4','A-SIN-INFO'),
 ('GDA5','A-SIN-INFO'),
 ('GDB3','A-SIN-INFO'),
 ('GIA2','A-SIN-INFO'),
 ('GIA3','A-SIN-INFO'),
 ('GIA4','A-SIN-INFO'),
 ('GJA2','A-SIN-INFO'),
 ('GJA3','A-SIN-INFO'),
 ('GJA4','A-SIN-INFO'),
 ('GJA5','A-SIN-INFO'),
 ('GMA2','A-SIN-INFO'),
 ('GRA2','A-SIN-INFO'),
 ('GSA2','A-SIN-INFO'),
 ('GTA2','A-SIN-INFO'),
 ('GTA3','A-SIN-INFO'),
 ('GTB3','A-SIN-INFO'),
 ('GUA2','A-SIN-INFO'),
 ('GUA3','A-SIN-INFO'),
 ('GUA4','A-SIN-INFO'),
 ('GUA5','A-SIN-INFO'),
 ('GV11','A-SIN-INFO'),
 ('GV12','A-SIN-INFO'),
 ('GV13','A-SIN-INFO'),
 ('GV21','A-SIN-INFO'),
 ('GV22','A-SIN-INFO'),
 ('GV23','A-SIN-INFO'),
 ('GVA2','A-SIN-INFO'),
 ('GVA3','A-SIN-INFO'),
 ('GVA4','A-SIN-INFO'),
 ('GVA5','A-SIN-INFO'),
 ('GVZ1','A-SIN-INFO'),
 ('GVZ2','A-SIN-INFO'),
 ('GWA2','A-SIN-INFO'),
 ('GWA3','A-SIN-INFO'),
 ('GWA4','A-SIN-INFO'),
 ('GWA5','A-SIN-INFO'),
 ('GWB2','A-SIN-INFO'),
 ('GXA2','A-SIN-INFO'),
 ('GXA3','A-SIN-INFO'),
 ('GXA4','A-SIN-INFO'),
 ('GYA2','A-SIN-INFO'),
 ('GYA3','A-SIN-INFO'),
 ('GYA4','A-SIN-INFO'),
 ('GYA5','A-SIN-INFO'),
 ('GZA2','A-SIN-INFO'),
 ('GZA3','A-SIN-INFO'),
 ('GZA4','A-SIN-INFO'),
 ('GZA5','A-SIN-INFO'),
 ('GZB2','A-SIN-INFO'),
 ('H1A2','A-SIN-INFO'),
 ('H1A5','A-SIN-INFO'),
 ('H1A7','A-SIN-INFO'),
 ('H1B7','A-SIN-INFO'),
 ('H2A2','A-SIN-INFO'),
 ('H2A3','A-SIN-INFO'),
 ('H2A4','A-SIN-INFO'),
 ('H2A5','A-SIN-INFO'),
 ('H2A6','A-SIN-INFO'),
 ('H2A7','A-SIN-INFO'),
 ('H2B4','A-SIN-INFO'),
 ('H2B5','A-SIN-INFO'),
 ('H2B7','A-SIN-INFO'),
 ('H3A2','A-SIN-INFO'),
 ('H3A3','A-SIN-INFO'),
 ('H3A4','A-SIN-INFO'),
 ('H3A5','A-SIN-INFO'),
 ('H3A6','A-SIN-INFO'),
 ('H3B3','A-SIN-INFO'),
 ('H3B4','A-SIN-INFO'),
 ('H3B5','A-SIN-INFO'),
 ('H4A2','A-SIN-INFO'),
 ('H4A3','A-SIN-INFO'),
 ('H4A4','A-SIN-INFO'),
 ('H4A5','A-SIN-INFO'),
 ('H4A6','A-SIN-INFO'),
 ('H4B3','A-SIN-INFO'),
 ('H4B5','A-SIN-INFO'),
 ('H5A2','A-SIN-INFO'),
 ('H5A3','A-SIN-INFO'),
 ('H5A4','A-SIN-INFO'),
 ('H5A5','A-SIN-INFO'),
 ('H5A6','A-SIN-INFO'),
 ('H5B5','A-SIN-INFO'),
 ('H6A7','A-SIN-INFO'),
 ('H6B7','A-SIN-INFO'),
 ('H6C7','A-SIN-INFO'),
 ('H6D7','A-SIN-INFO'),
 ('H6E7','A-SIN-INFO'),
 ('H6F7','A-SIN-INFO'),
 ('H7A7','A-SIN-INFO'),
 ('H7B7','A-SIN-INFO'),
 ('H7C7','A-SIN-INFO'),
 ('H7D7','A-SIN-INFO'),
 ('H7E7','A-SIN-INFO'),
 ('H8A7','A-SIN-INFO'),
 ('H8B7','A-SIN-INFO'),
 ('H8C7','A-SIN-INFO'),
 ('H8D7','A-SIN-INFO'),
 ('H8E7','A-SIN-INFO'),
 ('H9A7','A-SIN-INFO'),
 ('H9B7','A-SIN-INFO'),
 ('H9C7','A-SIN-INFO'),
 ('H9D7','A-SIN-INFO'),
 ('H9E7','A-SIN-INFO'),
 ('HAA2','A-SIN-INFO'),
 ('HAA3','A-SIN-INFO'),
 ('HAA4','A-SIN-INFO'),
 ('HAA5','A-SIN-INFO'),
 ('HAA6','A-SIN-INFO'),
 ('HAB3','A-SIN-INFO'),
 ('HAB5','A-SIN-INFO'),
 ('HAC3','A-SIN-INFO'),
 ('HBA2','A-SIN-INFO'),
 ('HBA3','A-SIN-INFO'),
 ('HBA4','A-SIN-INFO'),
 ('HBA5','A-SIN-INFO'),
 ('HBA6','A-SIN-INFO'),
 ('HBB3','A-SIN-INFO'),
 ('HBB5','A-SIN-INFO'),
 ('HBC3','A-SIN-INFO'),
 ('HCA2','A-SIN-INFO'),
 ('HCA3','A-SIN-INFO'),
 ('HCA4','A-SIN-INFO'),
 ('HCA5','A-SIN-INFO'),
 ('HCA6','A-SIN-INFO'),
 ('HCB3','A-SIN-INFO'),
 ('HCB5','A-SIN-INFO'),
 ('HCC3','A-SIN-INFO'),
 ('HDA2','A-SIN-INFO'),
 ('HDA3','A-SIN-INFO'),
 ('HDA4','A-SIN-INFO'),
 ('HDA5','A-SIN-INFO'),
 ('HDA6','A-SIN-INFO'),
 ('HDB3','A-SIN-INFO'),
 ('HDB5','A-SIN-INFO'),
 ('HDC3','A-SIN-INFO'),
 ('HEA2','A-SIN-INFO'),
 ('HEA3','A-SIN-INFO'),
 ('HEA4','A-SIN-INFO'),
 ('HEA5','A-SIN-INFO'),
 ('HEA6','A-SIN-INFO'),
 ('HEB3','A-SIN-INFO'),
 ('HEB5','A-SIN-INFO'),
 ('HEC3','A-SIN-INFO'),
 ('HFA2','A-SIN-INFO'),
 ('HFA3','A-SIN-INFO'),
 ('HFA4','A-SIN-INFO'),
 ('HFA5','A-SIN-INFO'),
 ('HFA6','A-SIN-INFO'),
 ('HFB5','A-SIN-INFO'),
 ('HFC3','A-SIN-INFO'),
 ('HGA2','A-SIN-INFO'),
 ('HGA3','A-SIN-INFO'),
 ('HGA4','A-SIN-INFO'),
 ('HGA5','A-SIN-INFO'),
 ('HGA6','A-SIN-INFO'),
 ('HGB2','A-SIN-INFO'),
 ('HGB5','A-SIN-INFO'),
 ('HGC3','A-SIN-INFO'),
 ('J1A2','A-SIN-INFO'),
 ('J1A3','A-SIN-INFO'),
 ('J1A4','A-SIN-INFO'),
 ('J1A5','A-SIN-INFO'),
 ('J1A6','A-SIN-INFO'),
 ('J1A7','A-SIN-INFO'),
 ('J1B3','A-SIN-INFO'),
 ('J1B4','A-SIN-INFO'),
 ('J1B5','A-SIN-INFO'),
 ('J1B7','A-SIN-INFO'),
 ('J2A2','A-SIN-INFO'),
 ('J2A3','A-SIN-INFO'),
 ('J2A4','A-SIN-INFO'),
 ('J2A5','A-SIN-INFO'),
 ('j2a6','A-SIN-INFO'),
 ('J2A7','A-SIN-INFO'),
 ('J2B3','A-SIN-INFO'),
 ('J2B4','A-SIN-INFO'),
 ('J2B5','A-SIN-INFO'),
 ('J2B7','A-SIN-INFO'),
 ('J4A2','A-SIN-INFO'),
 ('J4A3','A-SIN-INFO'),
 ('J4A4','A-SIN-INFO'),
 ('J4A5','A-SIN-INFO'),
 ('J4A6','A-SIN-INFO'),
 ('J4B5','A-SIN-INFO'),
 ('J5A2','A-SIN-INFO'),
 ('J5A3','A-SIN-INFO'),
 ('J5A4','A-SIN-INFO'),
 ('J5A5','A-SIN-INFO'),
 ('J5A6','A-SIN-INFO'),
 ('J5B5','A-SIN-INFO'),
 ('J6A7','A-SIN-INFO'),
 ('J6B7','A-SIN-INFO'),
 ('J6C7','A-SIN-INFO'),
 ('J6D7','A-SIN-INFO'),
 ('J6E7','A-SIN-INFO'),
 ('J6F7','A-SIN-INFO'),
 ('J6G7','A-SIN-INFO'),
 ('J7A7','A-SIN-INFO'),
 ('J7B7','A-SIN-INFO'),
 ('J7C7','A-SIN-INFO'),
 ('J7D7','A-SIN-INFO'),
 ('J7E7','A-SIN-INFO'),
 ('J7F7','A-SIN-INFO'),
 ('JAA2','A-SIN-INFO'),
 ('JAA3','A-SIN-INFO'),
 ('JAA4','A-SIN-INFO'),
 ('JAA5','A-SIN-INFO'),
 ('JAA6','A-SIN-INFO'),
 ('JAB3','A-SIN-INFO'),
 ('JAB5','A-SIN-INFO'),
 ('JAC3','A-SIN-INFO'),
 ('JBA2','A-SIN-INFO'),
 ('JBA3','A-SIN-INFO'),
 ('JBA4','A-SIN-INFO'),
 ('JBA5','A-SIN-INFO'),
 ('JBA6','A-SIN-INFO'),
 ('JBB3','A-SIN-INFO'),
 ('JBB5','A-SIN-INFO'),
 ('JBC3','A-SIN-INFO'),
 ('JCA2','A-SIN-INFO'),
 ('JCA3','A-SIN-INFO'),
 ('JCA4','A-SIN-INFO'),
 ('JCA5','A-SIN-INFO'),
 ('JCA6','A-SIN-INFO'),
 ('JCB5','A-SIN-INFO'),
 ('JCC3','A-SIN-INFO'),
 ('JDA2','A-SIN-INFO'),
 ('JDA3','A-SIN-INFO'),
 ('JDA4','A-SIN-INFO'),
 ('JDA5','A-SIN-INFO'),
 ('JDA6','A-SIN-INFO'),
 ('JDB5','A-SIN-INFO'),
 ('JDC3','A-SIN-INFO'),
 ('JEA2','A-SIN-INFO'),
 ('JEA3','A-SIN-INFO'),
 ('JEA4','A-SIN-INFO'),
 ('JEA5','A-SIN-INFO'),
 ('JEA6','A-SIN-INFO'),
 ('JEB5','A-SIN-INFO'),
 ('JEC3','A-SIN-INFO'),
 ('K1A2','A-SIN-INFO'),
 ('K1A3','A-SIN-INFO'),
 ('K1A4','A-SIN-INFO'),
 ('K1A5','A-SIN-INFO'),
 ('K1A6','A-SIN-INFO'),
 ('K1A7','A-SIN-INFO'),
 ('K1B3','A-SIN-INFO'),
 ('K1B4','A-SIN-INFO'),
 ('K1B5','A-SIN-INFO'),
 ('K1B7','A-SIN-INFO'),
 ('K1C4','A-SIN-INFO'),
 ('K2A2','A-SIN-INFO'),
 ('K2A3','A-SIN-INFO'),
 ('K2A4','A-SIN-INFO'),
 ('K2A5','A-SIN-INFO'),
 ('K2A6','A-SIN-INFO'),
 ('K2A7','A-SIN-INFO'),
 ('K2B4','A-SIN-INFO'),
 ('K2B5','A-SIN-INFO'),
 ('K2B7','A-SIN-INFO'),
 ('K2C4','A-SIN-INFO'),
 ('K3A2','A-SIN-INFO'),
 ('K3A3','A-SIN-INFO'),
 ('K3A4','A-SIN-INFO'),
 ('K3A5','A-SIN-INFO'),
 ('K3A6','A-SIN-INFO'),
 ('K3B3','A-SIN-INFO'),
 ('K3B4','A-SIN-INFO'),
 ('K3B5','A-SIN-INFO'),
 ('K4A2','A-SIN-INFO'),
 ('K4A3','A-SIN-INFO'),
 ('K4A4','A-SIN-INFO'),
 ('K4A5','A-SIN-INFO'),
 ('K4A6','A-SIN-INFO'),
 ('K4B4','A-SIN-INFO'),
 ('K4B5','A-SIN-INFO'),
 ('K5A2','A-SIN-INFO'),
 ('K5A3','A-SIN-INFO'),
 ('K5A4','A-SIN-INFO'),
 ('K5A5','A-SIN-INFO'),
 ('K5A6','A-SIN-INFO'),
 ('K5B4','A-SIN-INFO'),
 ('K5B5','A-SIN-INFO'),
 ('K6A7','A-SIN-INFO'),
 ('K6B7','A-SIN-INFO'),
 ('K6C7','A-SIN-INFO'),
 ('K6D7','A-SIN-INFO'),
 ('K6E7','A-SIN-INFO'),
 ('K6F7','A-SIN-INFO'),
 ('K7A7','A-SIN-INFO'),
 ('K7B7','A-SIN-INFO'),
 ('K7C7','A-SIN-INFO'),
 ('K7D7','A-SIN-INFO'),
 ('K7E7','A-SIN-INFO'),
 ('K7F7','A-SIN-INFO'),
 ('K8A7','A-SIN-INFO'),
 ('K8B7','A-SIN-INFO'),
 ('K8C7','A-SIN-INFO'),
 ('K8D7','A-SIN-INFO'),
 ('K8E7','A-SIN-INFO'),
 ('K9A7','A-SIN-INFO'),
 ('K9B7','A-SIN-INFO'),
 ('KAA2','A-SIN-INFO'),
 ('KAA3','A-SIN-INFO'),
 ('KAA4','A-SIN-INFO'),
 ('KAA4_1','A-SIN-INFO'),
 ('KAA5','A-SIN-INFO'),
 ('KAA6','A-SIN-INFO'),
 ('KAB3','A-SIN-INFO'),
 ('KAB5','A-SIN-INFO'),
 ('KAC3','A-SIN-INFO'),
 ('KBA2','A-SIN-INFO'),
 ('KBA3','A-SIN-INFO'),
 ('KBA4','A-SIN-INFO'),
 ('KBA5','A-SIN-INFO'),
 ('KBA6','A-SIN-INFO'),
 ('KBB3','A-SIN-INFO'),
 ('KBB5','A-SIN-INFO'),
 ('KBC3','A-SIN-INFO'),
 ('KCA2','A-SIN-INFO'),
 ('KCA3','A-SIN-INFO'),
 ('KCA4','A-SIN-INFO'),
 ('KCA5','A-SIN-INFO'),
 ('KCA6','A-SIN-INFO'),
 ('KCB3','A-SIN-INFO'),
 ('KCB5','A-SIN-INFO'),
 ('KCC3','A-SIN-INFO'),
 ('KDA2','A-SIN-INFO'),
 ('KDA3','A-SIN-INFO'),
 ('KDA4','A-SIN-INFO'),
 ('KDA5','A-SIN-INFO'),
 ('KDA6','A-SIN-INFO'),
 ('KDB5','A-SIN-INFO'),
 ('KDC3','A-SIN-INFO'),
 ('KEA2','A-SIN-INFO'),
 ('KEA3','A-SIN-INFO'),
 ('KEA4','A-SIN-INFO'),
 ('KEA5','A-SIN-INFO'),
 ('KEA6','A-SIN-INFO'),
 ('KEB5','A-SIN-INFO'),
 ('KEC3','A-SIN-INFO'),
 ('KFA2','A-SIN-INFO'),
 ('KFA3','A-SIN-INFO'),
 ('KFA4','A-SIN-INFO'),
 ('KFA5','A-SIN-INFO'),
 ('KFA6','A-SIN-INFO'),
 ('KFB5','A-SIN-INFO'),
 ('KFC3','A-SIN-INFO'),
 ('KGA2','A-SIN-INFO'),
 ('KGA3','A-SIN-INFO'),
 ('KGA4','A-SIN-INFO'),
 ('KGA5','A-SIN-INFO'),
 ('KGA6','A-SIN-INFO'),
 ('KGB5','A-SIN-INFO'),
 ('KGC3','A-SIN-INFO'),
 ('M012019S','A-SIN-INFO'),
 ('M022019S','A-SIN-INFO'),
 ('M1A4','A-SIN-INFO'),
 ('M2A4','A-SIN-INFO'),
 ('M3A4','A-SIN-INFO'),
 ('M4A4','A-SIN-INFO'),
 ('M5A4','A-SIN-INFO'),
 ('M6A4','A-SIN-INFO'),
 ('M7A4','A-SIN-INFO'),
 ('M8A4','A-SIN-INFO'),
 ('M9A4','A-SIN-INFO'),
 ('MAA2','A-SIN-INFO'),
 ('MAA3','A-SIN-INFO'),
 ('MAA4','A-SIN-INFO'),
 ('mba1','A-SIN-INFO'),
 ('MBA2','A-SIN-INFO'),
 ('MBA3','A-SIN-INFO'),
 ('MBA4','A-SIN-INFO'),
 ('MBA5','A-SIN-INFO'),
 ('MBB2','A-SIN-INFO'),
 ('MBB3','A-SIN-INFO'),
 ('MC3','A-SIN-INFO'),
 ('MC4','A-SIN-INFO'),
 ('MC5','A-SIN-INFO'),
 ('MC6','A-SIN-INFO'),
 ('MC7','A-SIN-INFO'),
 ('MC8','A-SIN-INFO'),
 ('MCA2','A-SIN-INFO'),
 ('MCA3','A-SIN-INFO'),
 ('MCA4','A-SIN-INFO'),
 ('MCA5','A-SIN-INFO'),
 ('MCG','A-SIN-INFO'),
 ('MCH','A-SIN-INFO'),
 ('MCT','A-SIN-INFO'),
 ('MCU','A-SIN-INFO'),
 ('MCV','A-SIN-INFO'),
 ('MCX','A-SIN-INFO'),
 ('MCY','A-SIN-INFO'),
 ('MCZ','A-SIN-INFO'),
 ('MDA2','A-SIN-INFO'),
 ('MDA3','A-SIN-INFO'),
 ('MDA4','A-SIN-INFO'),
 ('MDA5','A-SIN-INFO'),
 ('ME8','A-SIN-INFO'),
 ('MEA2','A-SIN-INFO'),
 ('MEA3','A-SIN-INFO'),
 ('MEA4','A-SIN-INFO'),
 ('MEA5','A-SIN-INFO'),
 ('MF11','A-SIN-INFO'),
 ('MF12','A-SIN-INFO'),
 ('MF13','A-SIN-INFO'),
 ('MF21','A-SIN-INFO'),
 ('MF22','A-SIN-INFO'),
 ('MF23','A-SIN-INFO'),
 ('MFA2','A-SIN-INFO'),
 ('MFA3','A-SIN-INFO'),
 ('MFA4','A-SIN-INFO'),
 ('MFA5','A-SIN-INFO'),
 ('MFP','A-SIN-INFO'),
 ('MFU','A-SIN-INFO'),
 ('MFZ1','A-SIN-INFO'),
 ('MFZ2','A-SIN-INFO'),
 ('MG6','A-SIN-INFO'),
 ('MG7','A-SIN-INFO'),
 ('MG8','A-SIN-INFO'),
 ('MG9','A-SIN-INFO'),
 ('MGA','A-SIN-INFO'),
 ('MGA2','A-SIN-INFO'),
 ('MGA3','A-SIN-INFO'),
 ('MGA4','A-SIN-INFO'),
 ('MGB','A-SIN-INFO'),
 ('MGC','A-SIN-INFO'),
 ('MGD','A-SIN-INFO'),
 ('MGJ','A-SIN-INFO'),
 ('MGT','A-SIN-INFO'),
 ('MGU','A-SIN-INFO'),
 ('MH4','A-SIN-INFO'),
 ('MHA','A-SIN-INFO'),
 ('MHA2','A-SIN-INFO'),
 ('MHA3','A-SIN-INFO'),
 ('MHA4','A-SIN-INFO'),
 ('MHB','A-SIN-INFO'),
 ('MHC','A-SIN-INFO'),
 ('MHD','A-SIN-INFO'),
 ('MHE','A-SIN-INFO'),
 ('MHF','A-SIN-INFO'),
 ('MHG','A-SIN-INFO'),
 ('MIA2','A-SIN-INFO'),
 ('MIA3','A-SIN-INFO'),
 ('MIA4','A-SIN-INFO'),
 ('MJ1','A-SIN-INFO'),
 ('MJ2','A-SIN-INFO'),
 ('MJA','A-SIN-INFO'),
 ('MJB','A-SIN-INFO'),
 ('MJC','A-SIN-INFO'),
 ('MJD','A-SIN-INFO'),
 ('MJE','A-SIN-INFO'),
 ('MK1','A-SIN-INFO'),
 ('MK3','A-SIN-INFO'),
 ('MKA','A-SIN-INFO'),
 ('MKB','A-SIN-INFO'),
 ('MKC','A-SIN-INFO'),
 ('MKD','A-SIN-INFO'),
 ('MKE','A-SIN-INFO'),
 ('MKF','A-SIN-INFO'),
 ('MMA1','A-SIN-INFO'),
 ('MN8','A-SIN-INFO'),
 ('MN9','A-SIN-INFO'),
 ('MPA','A-SIN-INFO'),
 ('MPB','A-SIN-INFO'),
 ('MPC','A-SIN-INFO'),
 ('MPC2','A-SIN-INFO'),
 ('MPD','A-SIN-INFO'),
 ('MQ1','A-SIN-INFO'),
 ('MQ2','A-SIN-INFO'),
 ('MQA','A-SIN-INFO'),
 ('MQB','A-SIN-INFO'),
 ('MQC','A-SIN-INFO'),
 ('MQD','A-SIN-INFO'),
 ('MRA4','A-SIN-INFO'),
 ('MS1','A-SIN-INFO'),
 ('MS2','A-SIN-INFO'),
 ('MS3','A-SIN-INFO'),
 ('MS4','A-SIN-INFO'),
 ('MS5','A-SIN-INFO'),
 ('MS6','A-SIN-INFO'),
 ('MS7','A-SIN-INFO'),
 ('MSD','A-SIN-INFO'),
 ('MSE','A-SIN-INFO'),
 ('MSF','A-SIN-INFO'),
 ('MSG','A-SIN-INFO'),
 ('MSH','A-SIN-INFO'),
 ('MSJ','A-SIN-INFO'),
 ('MSR','A-SIN-INFO'),
 ('MST','A-SIN-INFO'),
 ('MSU','A-SIN-INFO'),
 ('MSV','A-SIN-INFO'),
 ('MT4','A-SIN-INFO'),
 ('MT5','A-SIN-INFO'),
 ('MU3','A-SIN-INFO'),
 ('MU5','A-SIN-INFO'),
 ('MU6','A-SIN-INFO'),
 ('MV1','A-SIN-INFO'),
 ('MV2','A-SIN-INFO'),
 ('MV3','A-SIN-INFO'),
 ('MV4','A-SIN-INFO'),
 ('MV5','A-SIN-INFO'),
 ('MV6','A-SIN-INFO'),
 ('N0A0','A-SIN-INFO'),
 ('N1A1','A-SIN-INFO'),
 ('N1A2','A-SIN-INFO'),
 ('N1A3','A-SIN-INFO'),
 ('N1A4','A-SIN-INFO'),
 ('N1A5','A-SIN-INFO'),
 ('N1U4','A-SIN-INFO'),
 ('N2A1','A-SIN-INFO'),
 ('N2A2','A-SIN-INFO'),
 ('N2A3','A-SIN-INFO'),
 ('N2A4','A-SIN-INFO'),
 ('N2A5','A-SIN-INFO'),
 ('N2U4','A-SIN-INFO'),
 ('N3A1','A-SIN-INFO'),
 ('N3A2','A-SIN-INFO'),
 ('N3A3','A-SIN-INFO'),
 ('N3A4','A-SIN-INFO'),
 ('N3A5','A-SIN-INFO'),
 ('N3U4','A-SIN-INFO'),
 ('N4A0','A-SIN-INFO'),
 ('N4A1','A-SIN-INFO'),
 ('N4A2','A-SIN-INFO'),
 ('N4A3','A-SIN-INFO'),
 ('N4A4','A-SIN-INFO'),
 ('N4A5','A-SIN-INFO'),
 ('N4A6','A-SIN-INFO'),
 ('N4U4','A-SIN-INFO'),
 ('N5A1','A-SIN-INFO'),
 ('N5A2','A-SIN-INFO'),
 ('N5A3','A-SIN-INFO'),
 ('N5A4','A-SIN-INFO'),
 ('N5A5','A-SIN-INFO'),
 ('N5U4','A-SIN-INFO'),
 ('N611','A-SIN-INFO'),
 ('N612','A-SIN-INFO'),
 ('N613','A-SIN-INFO'),
 ('N621','A-SIN-INFO'),
 ('N622','A-SIN-INFO'),
 ('N623','A-SIN-INFO'),
 ('N6A1','A-SIN-INFO'),
 ('N6A2','A-SIN-INFO'),
 ('N6A3','A-SIN-INFO'),
 ('N6A4','A-SIN-INFO'),
 ('N6A5','A-SIN-INFO'),
 ('N6Z1','A-SIN-INFO'),
 ('N6Z2','A-SIN-INFO'),
 ('N7A1','A-SIN-INFO'),
 ('N7A2','A-SIN-INFO'),
 ('N7A3','A-SIN-INFO'),
 ('N7A4','A-SIN-INFO'),
 ('N7A5','A-SIN-INFO'),
 ('N7A6','A-SIN-INFO'),
 ('N7U4','A-SIN-INFO'),
 ('N8A2','A-SIN-INFO'),
 ('N8A3','A-SIN-INFO'),
 ('N8A4','A-SIN-INFO'),
 ('N8A5','A-SIN-INFO'),
 ('N8B3','A-SIN-INFO'),
 ('N9A2','A-SIN-INFO'),
 ('N9A3','A-SIN-INFO'),
 ('N9A4','A-SIN-INFO'),
 ('N9A5','A-SIN-INFO'),
 ('N9B3','A-SIN-INFO'),
 ('NAA2','A-SIN-INFO'),
 ('NAA3','A-SIN-INFO'),
 ('NAA4','A-SIN-INFO'),
 ('NBA2','A-SIN-INFO'),
 ('NBA3','A-SIN-INFO'),
 ('NBA4','A-SIN-INFO'),
 ('NBA5','A-SIN-INFO'),
 ('NCA2','A-SIN-INFO'),
 ('NCA3','A-SIN-INFO'),
 ('NCA4','A-SIN-INFO'),
 ('NCA5','A-SIN-INFO'),
 ('NDA2','A-SIN-INFO'),
 ('NDA3','A-SIN-INFO'),
 ('NDA4','A-SIN-INFO'),
 ('NDA5','A-SIN-INFO'),
 ('NEA2','A-SIN-INFO'),
 ('NEA3','A-SIN-INFO'),
 ('NEA4','A-SIN-INFO'),
 ('NEA5','A-SIN-INFO'),
 ('NFA2','A-SIN-INFO'),
 ('NFA3','A-SIN-INFO'),
 ('NFA4','A-SIN-INFO'),
 ('NFA5','A-SIN-INFO'),
 ('NFA9','A-SIN-INFO'),
 ('NGA2','A-SIN-INFO'),
 ('NGA3','A-SIN-INFO'),
 ('NGA4','A-SIN-INFO'),
 ('NGA5','A-SIN-INFO'),
 ('NGB2','A-SIN-INFO'),
 ('NHA2','A-SIN-INFO'),
 ('NHA3','A-SIN-INFO'),
 ('NHA4','A-SIN-INFO'),
 ('NHA5','A-SIN-INFO'),
 ('NIA2','A-SIN-INFO'),
 ('NIA3','A-SIN-INFO'),
 ('NIA4','A-SIN-INFO'),
 ('NJA2','A-SIN-INFO'),
 ('NJA3','A-SIN-INFO'),
 ('NJA4','A-SIN-INFO'),
 ('NJA5','A-SIN-INFO'),
 ('NJD8','A-SIN-INFO'),
 ('NKA2','A-SIN-INFO'),
 ('NKA3','A-SIN-INFO'),
 ('NKA4','A-SIN-INFO'),
 ('NKA5','A-SIN-INFO'),
 ('NSQ','A-SIN-INFO'),
 ('NU3','A-SIN-INFO'),
 ('NU5','A-SIN-INFO'),
 ('NU6','A-SIN-INFO'),
 ('NV1','A-SIN-INFO'),
 ('NV4','A-SIN-INFO'),
 ('NV5','A-SIN-INFO'),
 ('P1A2','A-SIN-INFO'),
 ('P1A3','A-SIN-INFO'),
 ('P1A4','A-SIN-INFO'),
 ('P1A5','A-SIN-INFO'),
 ('P1A7','A-SIN-INFO'),
 ('P2012017','A-SIN-INFO'),
 ('P2012019','A-SIN-INFO'),
 ('P2022017E','A-SIN-INFO'),
 ('P2032017E','A-SIN-INFO'),
 ('P2032019E','A-SIN-INFO'),
 ('P2042017E','A-SIN-INFO'),
 ('P211','A-SIN-INFO'),
 ('P212','A-SIN-INFO'),
 ('P213','A-SIN-INFO'),
 ('P221','A-SIN-INFO'),
 ('P222','A-SIN-INFO'),
 ('P223','A-SIN-INFO'),
 ('P2A2','A-SIN-INFO'),
 ('P2A3','A-SIN-INFO'),
 ('P2A4','A-SIN-INFO'),
 ('P2A5','A-SIN-INFO'),
 ('P2A7','A-SIN-INFO'),
 ('P2Z1','A-SIN-INFO'),
 ('P2Z2','A-SIN-INFO'),
 ('P32017','A-SIN-INFO'),
 ('P32019','A-SIN-INFO'),
 ('P3A2','A-SIN-INFO'),
 ('P3A3','A-SIN-INFO'),
 ('P3A4','A-SIN-INFO'),
 ('P3A5','A-SIN-INFO'),
 ('P3A7','A-SIN-INFO'),
 ('P3F2017','A-SIN-INFO'),
 ('P3F2018','A-SIN-INFO'),
 ('P3F2019','A-SIN-INFO'),
 ('P42017','A-SIN-INFO'),
 ('P42019','A-SIN-INFO'),
 ('P4A2','A-SIN-INFO'),
 ('P4A3','A-SIN-INFO'),
 ('P4A4','A-SIN-INFO'),
 ('P4A5','A-SIN-INFO'),
 ('P4A7','A-SIN-INFO'),
 ('P4F2017','A-SIN-INFO'),
 ('P4F2019','A-SIN-INFO'),
 ('P52017','A-SIN-INFO'),
 ('P52019','A-SIN-INFO'),
 ('P5A2','A-SIN-INFO'),
 ('P5A3','A-SIN-INFO'),
 ('P5A4','A-SIN-INFO'),
 ('P5F2017','A-SIN-INFO'),
 ('P5F2018','A-SIN-INFO'),
 ('P5F2019','A-SIN-INFO'),
 ('P62017','A-SIN-INFO'),
 ('P62019','A-SIN-INFO'),
 ('P6A2','A-SIN-INFO'),
 ('P6A3','A-SIN-INFO'),
 ('P6A4','A-SIN-INFO'),
 ('P6F2017','A-SIN-INFO'),
 ('P6F2018','A-SIN-INFO'),
 ('P6F2019','A-SIN-INFO'),
 ('P72017','A-SIN-INFO'),
 ('P72019','A-SIN-INFO'),
 ('P7A2','A-SIN-INFO'),
 ('P7A3','A-SIN-INFO'),
 ('P7A4','A-SIN-INFO'),
 ('P7F2017','A-SIN-INFO'),
 ('P7F2018','A-SIN-INFO'),
 ('P7F2019','A-SIN-INFO'),
 ('P82017','A-SIN-INFO'),
 ('P82019','A-SIN-INFO'),
 ('P8A2','A-SIN-INFO'),
 ('P8A3','A-SIN-INFO'),
 ('P8A4','A-SIN-INFO'),
 ('P8F2017','A-SIN-INFO'),
 ('P8F2018','A-SIN-INFO'),
 ('P8F2019','A-SIN-INFO'),
 ('P9A2','A-SIN-INFO'),
 ('P9A4','A-SIN-INFO'),
 ('PAA2','A-SIN-INFO'),
 ('PAA3','A-SIN-INFO'),
 ('PAA4','A-SIN-INFO'),
 ('PBA2','A-SIN-INFO'),
 ('PBA3','A-SIN-INFO'),
 ('PBA4','A-SIN-INFO'),
 ('PCA2','A-SIN-INFO'),
 ('PCA3','A-SIN-INFO'),
 ('PCA4','A-SIN-INFO'),
 ('PDA2','A-SIN-INFO'),
 ('PDA3','A-SIN-INFO'),
 ('PDA4','A-SIN-INFO'),
 ('PH1','A-SIN-INFO'),
 ('PH2','A-SIN-INFO'),
 ('PIA9','A-SIN-INFO'),
 ('PJ1','A-SIN-INFO'),
 ('PJ2','A-SIN-INFO'),
 ('PK1','A-SIN-INFO'),
 ('PK2','A-SIN-INFO'),
 ('PM2017','A-SIN-INFO'),
 ('PMF2017','A-SIN-INFO'),
 ('PQ1','A-SIN-INFO'),
 ('PQ2','A-SIN-INFO'),
 ('prue','A-SIN-INFO'),
 ('pruo','A-SIN-INFO'),
 ('Q1A2','A-SIN-INFO'),
 ('Q1A3','A-SIN-INFO'),
 ('Q1A4','A-SIN-INFO'),
 ('Q1A5','A-SIN-INFO'),
 ('Q1A6','A-SIN-INFO'),
 ('Q1A7','A-SIN-INFO'),
 ('Q1B3','A-SIN-INFO'),
 ('Q1B4','A-SIN-INFO'),
 ('Q1B5','A-SIN-INFO'),
 ('Q1B7','A-SIN-INFO'),
 ('Q2A2','A-SIN-INFO'),
 ('Q2A3','A-SIN-INFO'),
 ('Q2A4','A-SIN-INFO'),
 ('Q2A5','A-SIN-INFO'),
 ('Q2A6','A-SIN-INFO'),
 ('Q2A7','A-SIN-INFO'),
 ('Q2B3','A-SIN-INFO'),
 ('Q2B4','A-SIN-INFO'),
 ('Q2B5','A-SIN-INFO'),
 ('Q2B7','A-SIN-INFO'),
 ('Q2C4','A-SIN-INFO'),
 ('Q2D4','A-SIN-INFO'),
 ('Q3A2','A-SIN-INFO'),
 ('Q3A3','A-SIN-INFO'),
 ('Q3A4','A-SIN-INFO'),
 ('Q3A5','A-SIN-INFO'),
 ('Q3A6','A-SIN-INFO'),
 ('Q3B4','A-SIN-INFO'),
 ('Q3B5','A-SIN-INFO'),
 ('Q4A2','A-SIN-INFO'),
 ('Q4A3','A-SIN-INFO'),
 ('Q4A4','A-SIN-INFO'),
 ('Q4A5','A-SIN-INFO'),
 ('Q4A6','A-SIN-INFO'),
 ('Q4B4','A-SIN-INFO'),
 ('Q4B5','A-SIN-INFO'),
 ('Q4C4','A-SIN-INFO'),
 ('Q5A7','A-SIN-INFO'),
 ('Q5B7','A-SIN-INFO'),
 ('Q5C7','A-SIN-INFO'),
 ('Q5D7','A-SIN-INFO'),
 ('Q5E7','A-SIN-INFO'),
 ('Q5F7','A-SIN-INFO'),
 ('Q5G7','A-SIN-INFO'),
 ('QAA2','A-SIN-INFO'),
 ('QAA3','A-SIN-INFO'),
 ('QAA4','A-SIN-INFO'),
 ('QAA5','A-SIN-INFO'),
 ('QAA6','A-SIN-INFO'),
 ('QAB3','A-SIN-INFO'),
 ('QAB5','A-SIN-INFO'),
 ('QAC3','A-SIN-INFO'),
 ('QBA2','A-SIN-INFO'),
 ('QBA3','A-SIN-INFO'),
 ('QBA4','A-SIN-INFO'),
 ('QBA5','A-SIN-INFO'),
 ('QBA6','A-SIN-INFO'),
 ('QBB3','A-SIN-INFO'),
 ('QBB5','A-SIN-INFO'),
 ('QBC3','A-SIN-INFO'),
 ('QCA2','A-SIN-INFO'),
 ('QCA3','A-SIN-INFO'),
 ('QCA4','A-SIN-INFO'),
 ('QCA5','A-SIN-INFO'),
 ('QCA6','A-SIN-INFO'),
 ('QCB2','A-SIN-INFO'),
 ('QCB5','A-SIN-INFO'),
 ('QCC3','A-SIN-INFO'),
 ('QDA2','A-SIN-INFO'),
 ('QDA3','A-SIN-INFO'),
 ('QDA4','A-SIN-INFO'),
 ('QDA5','A-SIN-INFO'),
 ('QDA6','A-SIN-INFO'),
 ('QDB5','A-SIN-INFO'),
 ('QDC3','A-SIN-INFO'),
 ('QZB3','A-SIN-INFO'),
 ('R1A2','A-SIN-INFO'),
 ('R1A3','A-SIN-INFO'),
 ('R2A2','A-SIN-INFO'),
 ('R2A3','A-SIN-INFO'),
 ('R3A2','A-SIN-INFO'),
 ('R3A3','A-SIN-INFO'),
 ('R4A2','A-SIN-INFO'),
 ('R4A3','A-SIN-INFO'),
 ('R5A2','A-SIN-INFO'),
 ('R5A3','A-SIN-INFO'),
 ('R6A2','A-SIN-INFO'),
 ('R6A3','A-SIN-INFO'),
 ('R7A2','A-SIN-INFO'),
 ('R7A3','A-SIN-INFO'),
 ('R8A2','A-SIN-INFO'),
 ('R8A3','A-SIN-INFO'),
 ('RAA2','A-SIN-INFO'),
 ('RAA3','A-SIN-INFO'),
 ('RAA5','A-SIN-INFO'),
 ('RBA2','A-SIN-INFO'),
 ('RBA3','A-SIN-INFO'),
 ('RBA5','A-SIN-INFO'),
 ('RCA2','A-SIN-INFO'),
 ('RCA3','A-SIN-INFO'),
 ('RCA5','A-SIN-INFO'),
 ('RDA2','A-SIN-INFO'),
 ('RDA3','A-SIN-INFO'),
 ('RDA5','A-SIN-INFO'),
 ('REA2','A-SIN-INFO'),
 ('REA3','A-SIN-INFO'),
 ('REA5','A-SIN-INFO'),
 ('S1A0','A-SIN-INFO'),
 ('S1A1','A-SIN-INFO'),
 ('S1A2','A-SIN-INFO'),
 ('S1A3','A-SIN-INFO'),
 ('S1A4','A-SIN-INFO'),
 ('S2A0','A-SIN-INFO'),
 ('S2A1','A-SIN-INFO'),
 ('S2A2','A-SIN-INFO'),
 ('S2A3','A-SIN-INFO'),
 ('S2A4','A-SIN-INFO'),
 ('S3A2','A-SIN-INFO'),
 ('S3A3','A-SIN-INFO'),
 ('S3A4','A-SIN-INFO'),
 ('S4A2','A-SIN-INFO'),
 ('S4A3','A-SIN-INFO'),
 ('S4A4','A-SIN-INFO'),
 ('S5A2','A-SIN-INFO'),
 ('S5A3','A-SIN-INFO'),
 ('S5A4','A-SIN-INFO'),
 ('S6A2','A-SIN-INFO'),
 ('S6A3','A-SIN-INFO'),
 ('S6A4','A-SIN-INFO'),
 ('S6U4','A-SIN-INFO'),
 ('S7A2','A-SIN-INFO'),
 ('S7A3','A-SIN-INFO'),
 ('S7A4','A-SIN-INFO'),
 ('S8A2','A-SIN-INFO'),
 ('S8A3','A-SIN-INFO'),
 ('S8A4','A-SIN-INFO'),
 ('SAA2','A-SIN-INFO'),
 ('SAA3','A-SIN-INFO'),
 ('SAA4','A-SIN-INFO'),
 ('SBA2','A-SIN-INFO'),
 ('SBA3','A-SIN-INFO'),
 ('SBA4','A-SIN-INFO'),
 ('SBA5','A-SIN-INFO'),
 ('SCA2','A-SIN-INFO'),
 ('SCA3','A-SIN-INFO'),
 ('SCA4','A-SIN-INFO'),
 ('SCA5','A-SIN-INFO'),
 ('SD11','A-SIN-INFO'),
 ('SD12','A-SIN-INFO'),
 ('SD13','A-SIN-INFO'),
 ('SD21','A-SIN-INFO'),
 ('SD22','A-SIN-INFO'),
 ('SD23','A-SIN-INFO'),
 ('SDA2','A-SIN-INFO'),
 ('SDA3','A-SIN-INFO'),
 ('SDA4','A-SIN-INFO'),
 ('SDA5','A-SIN-INFO'),
 ('SDZ1','A-SIN-INFO'),
 ('SDZ2','A-SIN-INFO'),
 ('SE11','A-SIN-INFO'),
 ('SE12','A-SIN-INFO'),
 ('SE13','A-SIN-INFO'),
 ('SE21','A-SIN-INFO'),
 ('SE22','A-SIN-INFO'),
 ('SE23','A-SIN-INFO'),
 ('SEA2','A-SIN-INFO'),
 ('SEA3','A-SIN-INFO'),
 ('SEA4','A-SIN-INFO'),
 ('SEA5','A-SIN-INFO'),
 ('SEZ1','A-SIN-INFO'),
 ('SEZ2','A-SIN-INFO'),
 ('SFA2','A-SIN-INFO'),
 ('SFA3','A-SIN-INFO'),
 ('SFA4','A-SIN-INFO'),
 ('SFA5','A-SIN-INFO'),
 ('SFB3','A-SIN-INFO'),
 ('SG11','A-SIN-INFO'),
 ('SG12','A-SIN-INFO'),
 ('SG13','A-SIN-INFO'),
 ('SG21','A-SIN-INFO'),
 ('SG22','A-SIN-INFO'),
 ('SG23','A-SIN-INFO'),
 ('SGA2','A-SIN-INFO'),
 ('SGA3','A-SIN-INFO'),
 ('SGA4','A-SIN-INFO'),
 ('SGA5','A-SIN-INFO'),
 ('SGB3','A-SIN-INFO'),
 ('SGZ1','A-SIN-INFO'),
 ('SGZ2','A-SIN-INFO'),
 ('SHA2','A-SIN-INFO'),
 ('SHA3','A-SIN-INFO'),
 ('SHA4','A-SIN-INFO'),
 ('SHB3','A-SIN-INFO'),
 ('SIA2','A-SIN-INFO'),
 ('SIA3','A-SIN-INFO'),
 ('SIA4','A-SIN-INFO'),
 ('SIM0','A-SIN-INFO'),
 ('SJ11','A-SIN-INFO'),
 ('SJ12','A-SIN-INFO'),
 ('SJ13','A-SIN-INFO'),
 ('SJ21','A-SIN-INFO'),
 ('SJ22','A-SIN-INFO'),
 ('SJ23','A-SIN-INFO'),
 ('SJA2','A-SIN-INFO'),
 ('SJA3','A-SIN-INFO'),
 ('SJA4','A-SIN-INFO'),
 ('SJA5','A-SIN-INFO'),
 ('SJB3','A-SIN-INFO'),
 ('SJZ1','A-SIN-INFO'),
 ('SJZ2','A-SIN-INFO'),
 ('SM61','A-SIN-INFO'),
 ('SPA2','A-SIN-INFO'),
 ('SPA3','A-SIN-INFO'),
 ('SPA5','A-SIN-INFO'),
 ('SQA2','A-SIN-INFO'),
 ('SQA3','A-SIN-INFO'),
 ('SQA5','A-SIN-INFO'),
 ('SQB2','A-SIN-INFO'),
 ('SQC3','A-SIN-INFO'),
 ('SR11','A-SIN-INFO'),
 ('SR12','A-SIN-INFO'),
 ('SR13','A-SIN-INFO'),
 ('SR21','A-SIN-INFO'),
 ('SR22','A-SIN-INFO'),
 ('SR23','A-SIN-INFO'),
 ('SRA2','A-SIN-INFO'),
 ('SRA3','A-SIN-INFO'),
 ('SRA4','A-SIN-INFO'),
 ('SRA5','A-SIN-INFO'),
 ('SRZ1','A-SIN-INFO'),
 ('SRZ2','A-SIN-INFO'),
 ('SS11','A-SIN-INFO'),
 ('SS12','A-SIN-INFO'),
 ('SS13','A-SIN-INFO'),
 ('SS21','A-SIN-INFO'),
 ('SS22','A-SIN-INFO'),
 ('SS23','A-SIN-INFO'),
 ('SSA2','A-SIN-INFO'),
 ('SSA3','A-SIN-INFO'),
 ('SSA5','A-SIN-INFO'),
 ('SSB2','A-SIN-INFO'),
 ('SSZ1','A-SIN-INFO'),
 ('SSZ2','A-SIN-INFO'),
 ('STA2','A-SIN-INFO'),
 ('STA3','A-SIN-INFO'),
 ('STB3','A-SIN-INFO'),
 ('SUA2','A-SIN-INFO'),
 ('SUA3','A-SIN-INFO'),
 ('SUB3','A-SIN-INFO'),
 ('SVA2','A-SIN-INFO'),
 ('SVA3','A-SIN-INFO'),
 ('SVA4','A-SIN-INFO'),
 ('SWA2','A-SIN-INFO'),
 ('SWA3','A-SIN-INFO'),
 ('SWA5','A-SIN-INFO'),
 ('T1A1','A-SIN-INFO'),
 ('T1A2','A-SIN-INFO'),
 ('T1A3','A-SIN-INFO'),
 ('T1A4','A-SIN-INFO'),
 ('T1A7','A-SIN-INFO'),
 ('T2A1','A-SIN-INFO'),
 ('T2A2','A-SIN-INFO'),
 ('T2A3','A-SIN-INFO'),
 ('T2A4','A-SIN-INFO'),
 ('T2A7','A-SIN-INFO'),
 ('T3A1','A-SIN-INFO'),
 ('T3A2','A-SIN-INFO'),
 ('T3A3','A-SIN-INFO'),
 ('T3A4','A-SIN-INFO'),
 ('T3A7','A-SIN-INFO'),
 ('T4A1','A-SIN-INFO'),
 ('T4A2','A-SIN-INFO'),
 ('T4A3','A-SIN-INFO'),
 ('T4A4','A-SIN-INFO'),
 ('T4A7','A-SIN-INFO'),
 ('T5A2','A-SIN-INFO'),
 ('T5A3','A-SIN-INFO'),
 ('T5A4','A-SIN-INFO'),
 ('TAA2','A-SIN-INFO'),
 ('TAA3','A-SIN-INFO'),
 ('TAA4','A-SIN-INFO'),
 ('TAA5','A-SIN-INFO'),
 ('TAB2','A-SIN-INFO'),
 ('TB1','A-SIN-INFO'),
 ('TB2','A-SIN-INFO'),
 ('TB3','A-SIN-INFO'),
 ('TB4','A-SIN-INFO'),
 ('TB5','A-SIN-INFO'),
 ('TB6','A-SIN-INFO'),
 ('TBA2','A-SIN-INFO'),
 ('TBA3','A-SIN-INFO'),
 ('TBA4','A-SIN-INFO'),
 ('TBA5','A-SIN-INFO'),
 ('TBI','A-SIN-INFO'),
 ('TC1','A-SIN-INFO'),
 ('TC2','A-SIN-INFO'),
 ('TC3','A-SIN-INFO'),
 ('TC4','A-SIN-INFO'),
 ('TC5','A-SIN-INFO'),
 ('TC6','A-SIN-INFO'),
 ('TC7','A-SIN-INFO'),
 ('TC8','A-SIN-INFO'),
 ('TC9','A-SIN-INFO'),
 ('TCA2','A-SIN-INFO'),
 ('TCA3','A-SIN-INFO'),
 ('TCA4','A-SIN-INFO'),
 ('TCA5','A-SIN-INFO'),
 ('TCV','A-SIN-INFO'),
 ('TCW','A-SIN-INFO'),
 ('TCX','A-SIN-INFO'),
 ('TCY','A-SIN-INFO'),
 ('TCZ','A-SIN-INFO'),
 ('TD1','A-SIN-INFO'),
 ('TD2','A-SIN-INFO'),
 ('TD3','A-SIN-INFO'),
 ('TD4','A-SIN-INFO'),
 ('TD5','A-SIN-INFO'),
 ('TD6','A-SIN-INFO'),
 ('TDU','A-SIN-INFO'),
 ('TDX','A-SIN-INFO'),
 ('TDZ','A-SIN-INFO'),
 ('TE1','A-SIN-INFO'),
 ('TE2','A-SIN-INFO'),
 ('TE3','A-SIN-INFO'),
 ('TE4','A-SIN-INFO'),
 ('TE5','A-SIN-INFO'),
 ('TE6','A-SIN-INFO'),
 ('TE7','A-SIN-INFO'),
 ('TE8','A-SIN-INFO'),
 ('TEX','A-SIN-INFO'),
 ('TEY','A-SIN-INFO'),
 ('TEZ','A-SIN-INFO'),
 ('TF1','A-SIN-INFO'),
 ('TF2','A-SIN-INFO'),
 ('TF3','A-SIN-INFO'),
 ('TF4','A-SIN-INFO'),
 ('TF5','A-SIN-INFO'),
 ('TF6','A-SIN-INFO'),
 ('TF7','A-SIN-INFO'),
 ('TF8','A-SIN-INFO'),
 ('TFB','A-SIN-INFO'),
 ('TFD','A-SIN-INFO'),
 ('TFE','A-SIN-INFO'),
 ('TFP','A-SIN-INFO'),
 ('TFX','A-SIN-INFO'),
 ('TFZ','A-SIN-INFO'),
 ('TG1','A-SIN-INFO'),
 ('TG2','A-SIN-INFO'),
 ('TG3','A-SIN-INFO'),
 ('TG4','A-SIN-INFO'),
 ('TG5','A-SIN-INFO'),
 ('TG6','A-SIN-INFO'),
 ('TG7','A-SIN-INFO'),
 ('TG8','A-SIN-INFO'),
 ('TG9','A-SIN-INFO'),
 ('TGA','A-SIN-INFO'),
 ('TGB','A-SIN-INFO'),
 ('TGD','A-SIN-INFO'),
 ('TGI','A-SIN-INFO'),
 ('TGU','A-SIN-INFO'),
 ('TGV','A-SIN-INFO'),
 ('TGW','A-SIN-INFO'),
 ('TGX','A-SIN-INFO'),
 ('TGY','A-SIN-INFO'),
 ('TGZ','A-SIN-INFO'),
 ('TMA','A-SIN-INFO'),
 ('TMB','A-SIN-INFO'),
 ('TMC','A-SIN-INFO'),
 ('TMD','A-SIN-INFO'),
 ('TME','A-SIN-INFO'),
 ('TMF','A-SIN-INFO'),
 ('TMG','A-SIN-INFO'),
 ('TMH','A-SIN-INFO'),
 ('TMI','A-SIN-INFO'),
 ('TN1','A-SIN-INFO'),
 ('TN2','A-SIN-INFO'),
 ('TN3','A-SIN-INFO'),
 ('TN4','A-SIN-INFO'),
 ('TN5','A-SIN-INFO'),
 ('TN6','A-SIN-INFO'),
 ('TN7','A-SIN-INFO'),
 ('TN8','A-SIN-INFO'),
 ('TN9','A-SIN-INFO'),
 ('TNA','A-SIN-INFO'),
 ('TNE','A-SIN-INFO'),
 ('TNF','A-SIN-INFO'),
 ('TNG','A-SIN-INFO'),
 ('TNH','A-SIN-INFO'),
 ('TNI','A-SIN-INFO'),
 ('TNJ','A-SIN-INFO'),
 ('TNK','A-SIN-INFO'),
 ('TP1','A-SIN-INFO'),
 ('TP2','A-SIN-INFO'),
 ('TP3','A-SIN-INFO'),
 ('TP4','A-SIN-INFO'),
 ('TP5','A-SIN-INFO'),
 ('TP6','A-SIN-INFO'),
 ('TP7','A-SIN-INFO'),
 ('TP8','A-SIN-INFO'),
 ('TPA','A-SIN-INFO'),
 ('TPB','A-SIN-INFO'),
 ('TPC','A-SIN-INFO'),
 ('TPD','A-SIN-INFO'),
 ('TS1','A-SIN-INFO'),
 ('TS2','A-SIN-INFO'),
 ('TS3','A-SIN-INFO'),
 ('TS4','A-SIN-INFO'),
 ('TS5','A-SIN-INFO'),
 ('TS6','A-SIN-INFO'),
 ('TS7','A-SIN-INFO'),
 ('TS8','A-SIN-INFO'),
 ('TSA','A-SIN-INFO'),
 ('TSB','A-SIN-INFO'),
 ('TSC','A-SIN-INFO'),
 ('TSD','A-SIN-INFO'),
 ('TSE','A-SIN-INFO'),
 ('TSF','A-SIN-INFO'),
 ('TSG','A-SIN-INFO'),
 ('TSH','A-SIN-INFO'),
 ('TSI','A-SIN-INFO'),
 ('TSP','A-SIN-INFO'),
 ('TSS','A-SIN-INFO'),
 ('TSW','A-SIN-INFO'),
 ('TT1','A-SIN-INFO'),
 ('TT2','A-SIN-INFO'),
 ('TT3','A-SIN-INFO'),
 ('TT4','A-SIN-INFO'),
 ('TT5','A-SIN-INFO'),
 ('TTA','A-SIN-INFO'),
 ('TTB','A-SIN-INFO'),
 ('TTC','A-SIN-INFO'),
 ('TU1','A-SIN-INFO'),
 ('TU2','A-SIN-INFO'),
 ('U111','A-SIN-INFO'),
 ('U112','A-SIN-INFO'),
 ('U113','A-SIN-INFO'),
 ('U121','A-SIN-INFO'),
 ('U122','A-SIN-INFO'),
 ('U123','A-SIN-INFO'),
 ('U141','A-SIN-INFO'),
 ('U142','A-SIN-INFO'),
 ('U143','A-SIN-INFO'),
 ('U144','A-SIN-INFO'),
 ('U145','A-SIN-INFO'),
 ('U146','A-SIN-INFO'),
 ('U147','A-SIN-INFO'),
 ('U148','A-SIN-INFO'),
 ('U1A1','A-SIN-INFO'),
 ('U1A2','A-SIN-INFO'),
 ('U1A3','A-SIN-INFO'),
 ('U1I','A-SIN-INFO'),
 ('U1Z1','A-SIN-INFO'),
 ('U1Z2','A-SIN-INFO'),
 ('U1Z4','A-SIN-INFO'),
 ('U211','A-SIN-INFO'),
 ('U212','A-SIN-INFO'),
 ('U213','A-SIN-INFO'),
 ('U221','A-SIN-INFO'),
 ('U222','A-SIN-INFO'),
 ('U223','A-SIN-INFO'),
 ('U241','A-SIN-INFO'),
 ('U242','A-SIN-INFO'),
 ('U243','A-SIN-INFO'),
 ('U244','A-SIN-INFO'),
 ('U245','A-SIN-INFO'),
 ('U246','A-SIN-INFO'),
 ('U247','A-SIN-INFO'),
 ('U248','A-SIN-INFO'),
 ('U2A1','A-SIN-INFO'),
 ('U2A2','A-SIN-INFO'),
 ('U2A3','A-SIN-INFO'),
 ('U2I','A-SIN-INFO'),
 ('U2Z1','A-SIN-INFO'),
 ('U2Z2','A-SIN-INFO'),
 ('U2Z4','A-SIN-INFO'),
 ('U311','A-SIN-INFO'),
 ('U312','A-SIN-INFO'),
 ('U313','A-SIN-INFO'),
 ('U321','A-SIN-INFO'),
 ('U322','A-SIN-INFO'),
 ('U323','A-SIN-INFO'),
 ('U341','A-SIN-INFO'),
 ('U342','A-SIN-INFO'),
 ('U343','A-SIN-INFO'),
 ('U344','A-SIN-INFO'),
 ('U345','A-SIN-INFO'),
 ('U346','A-SIN-INFO'),
 ('U347','A-SIN-INFO'),
 ('U348','A-SIN-INFO'),
 ('U3A1','A-SIN-INFO'),
 ('U3A2','A-SIN-INFO'),
 ('U3A3','A-SIN-INFO'),
 ('U3B3','A-SIN-INFO'),
 ('U3C3','A-SIN-INFO'),
 ('U3I','A-SIN-INFO'),
 ('U3Z1','A-SIN-INFO'),
 ('U3Z2','A-SIN-INFO'),
 ('U3Z4','A-SIN-INFO'),
 ('U411','A-SIN-INFO'),
 ('U412','A-SIN-INFO'),
 ('U413','A-SIN-INFO'),
 ('U421','A-SIN-INFO'),
 ('U422','A-SIN-INFO'),
 ('U423','A-SIN-INFO'),
 ('U441','A-SIN-INFO'),
 ('U442','A-SIN-INFO'),
 ('U443','A-SIN-INFO'),
 ('U444','A-SIN-INFO'),
 ('U445','A-SIN-INFO'),
 ('U446','A-SIN-INFO'),
 ('U447','A-SIN-INFO'),
 ('U448','A-SIN-INFO'),
 ('U4A1','A-SIN-INFO'),
 ('U4A2','A-SIN-INFO'),
 ('U4A3','A-SIN-INFO'),
 ('U4I','A-SIN-INFO'),
 ('U4Z1','A-SIN-INFO'),
 ('U4Z2','A-SIN-INFO'),
 ('U4Z4','A-SIN-INFO'),
 ('U511','A-SIN-INFO'),
 ('U512','A-SIN-INFO'),
 ('U513','A-SIN-INFO'),
 ('U521','A-SIN-INFO'),
 ('U522','A-SIN-INFO'),
 ('U523','A-SIN-INFO'),
 ('U541','A-SIN-INFO'),
 ('U542','A-SIN-INFO'),
 ('U543','A-SIN-INFO'),
 ('U544','A-SIN-INFO'),
 ('U545','A-SIN-INFO'),
 ('U546','A-SIN-INFO'),
 ('U547','A-SIN-INFO'),
 ('U548','A-SIN-INFO'),
 ('U5A1','A-SIN-INFO'),
 ('U5A2','A-SIN-INFO'),
 ('U5A3','A-SIN-INFO'),
 ('U5B3','A-SIN-INFO'),
 ('U5C3','A-SIN-INFO'),
 ('U5I','A-SIN-INFO'),
 ('U5Z1','A-SIN-INFO'),
 ('U5Z2','A-SIN-INFO'),
 ('U5Z4','A-SIN-INFO'),
 ('U611','A-SIN-INFO'),
 ('U612','A-SIN-INFO'),
 ('U613','A-SIN-INFO'),
 ('U621','A-SIN-INFO'),
 ('U622','A-SIN-INFO'),
 ('U623','A-SIN-INFO'),
 ('U641','A-SIN-INFO'),
 ('U642','A-SIN-INFO'),
 ('U643','A-SIN-INFO'),
 ('U644','A-SIN-INFO'),
 ('U645','A-SIN-INFO'),
 ('U646','A-SIN-INFO'),
 ('U647','A-SIN-INFO'),
 ('U648','A-SIN-INFO'),
 ('U6A1','A-SIN-INFO'),
 ('U6A2','A-SIN-INFO'),
 ('U6A3','A-SIN-INFO'),
 ('U6B3','A-SIN-INFO'),
 ('U6C3','A-SIN-INFO'),
 ('U6I','A-SIN-INFO'),
 ('U6Z1','A-SIN-INFO'),
 ('U6Z2','A-SIN-INFO'),
 ('U6Z4','A-SIN-INFO'),
 ('V111','A-SIN-INFO'),
 ('V112','A-SIN-INFO'),
 ('V113','A-SIN-INFO'),
 ('V121','A-SIN-INFO'),
 ('V122','A-SIN-INFO'),
 ('V123','A-SIN-INFO'),
 ('V141','A-SIN-INFO'),
 ('V142','A-SIN-INFO'),
 ('V143','A-SIN-INFO'),
 ('V144','A-SIN-INFO'),
 ('V145','A-SIN-INFO'),
 ('V146','A-SIN-INFO'),
 ('V147','A-SIN-INFO'),
 ('V148','A-SIN-INFO'),
 ('V1A1','A-SIN-INFO'),
 ('V1A2','A-SIN-INFO'),
 ('V1A3','A-SIN-INFO'),
 ('V1B3','A-SIN-INFO'),
 ('V1C3','A-SIN-INFO'),
 ('V1I','A-SIN-INFO'),
 ('V1Z1','A-SIN-INFO'),
 ('V1Z2','A-SIN-INFO'),
 ('V1Z4','A-SIN-INFO'),
 ('V211','A-SIN-INFO'),
 ('V212','A-SIN-INFO'),
 ('V213','A-SIN-INFO'),
 ('V221','A-SIN-INFO'),
 ('V222','A-SIN-INFO'),
 ('V223','A-SIN-INFO'),
 ('V241','A-SIN-INFO'),
 ('V242','A-SIN-INFO'),
 ('V243','A-SIN-INFO'),
 ('V244','A-SIN-INFO'),
 ('V245','A-SIN-INFO'),
 ('V246','A-SIN-INFO'),
 ('V247','A-SIN-INFO'),
 ('V248','A-SIN-INFO'),
 ('V2A1','A-SIN-INFO'),
 ('V2A2','A-SIN-INFO'),
 ('V2A3','A-SIN-INFO'),
 ('V2B3','A-SIN-INFO'),
 ('V2I','A-SIN-INFO'),
 ('V2Z1','A-SIN-INFO'),
 ('V2Z2','A-SIN-INFO'),
 ('V2Z4','A-SIN-INFO'),
 ('V311','A-SIN-INFO'),
 ('V312','A-SIN-INFO'),
 ('V313','A-SIN-INFO'),
 ('V321','A-SIN-INFO'),
 ('V322','A-SIN-INFO'),
 ('V323','A-SIN-INFO'),
 ('V341','A-SIN-INFO'),
 ('V342','A-SIN-INFO'),
 ('V343','A-SIN-INFO'),
 ('V344','A-SIN-INFO'),
 ('V345','A-SIN-INFO'),
 ('V346','A-SIN-INFO'),
 ('V347','A-SIN-INFO'),
 ('V348','A-SIN-INFO'),
 ('V3A1','A-SIN-INFO'),
 ('V3A2','A-SIN-INFO'),
 ('V3A3','A-SIN-INFO'),
 ('V3B3','A-SIN-INFO'),
 ('V3I','A-SIN-INFO'),
 ('V3Z1','A-SIN-INFO'),
 ('V3Z2','A-SIN-INFO'),
 ('V3Z4','A-SIN-INFO'),
 ('V411','A-SIN-INFO'),
 ('V412','A-SIN-INFO'),
 ('V413','A-SIN-INFO'),
 ('V421','A-SIN-INFO'),
 ('V422','A-SIN-INFO'),
 ('V423','A-SIN-INFO'),
 ('V441','A-SIN-INFO'),
 ('V442','A-SIN-INFO'),
 ('V443','A-SIN-INFO'),
 ('V444','A-SIN-INFO'),
 ('V445','A-SIN-INFO'),
 ('V446','A-SIN-INFO'),
 ('V447','A-SIN-INFO'),
 ('V448','A-SIN-INFO'),
 ('V4A1','A-SIN-INFO'),
 ('V4A2','A-SIN-INFO'),
 ('V4A3','A-SIN-INFO'),
 ('V4B3','A-SIN-INFO'),
 ('V4C3','A-SIN-INFO'),
 ('V4I','A-SIN-INFO'),
 ('V4Z1','A-SIN-INFO'),
 ('V4Z2','A-SIN-INFO'),
 ('V4Z4','A-SIN-INFO'),
 ('V511','A-SIN-INFO'),
 ('V512','A-SIN-INFO'),
 ('V513','A-SIN-INFO'),
 ('V521','A-SIN-INFO'),
 ('V522','A-SIN-INFO'),
 ('V523','A-SIN-INFO'),
 ('V541','A-SIN-INFO'),
 ('V542','A-SIN-INFO'),
 ('V543','A-SIN-INFO'),
 ('V544','A-SIN-INFO'),
 ('V545','A-SIN-INFO'),
 ('V546','A-SIN-INFO'),
 ('V547','A-SIN-INFO'),
 ('V548','A-SIN-INFO'),
 ('V5A1','A-SIN-INFO'),
 ('V5A2','A-SIN-INFO'),
 ('V5A3','A-SIN-INFO'),
 ('V5B3','A-SIN-INFO'),
 ('V5C3','A-SIN-INFO'),
 ('V5I','A-SIN-INFO'),
 ('V5Z1','A-SIN-INFO'),
 ('V5Z2','A-SIN-INFO'),
 ('V5Z4','A-SIN-INFO'),
 ('V611','A-SIN-INFO'),
 ('V612','A-SIN-INFO'),
 ('V613','A-SIN-INFO'),
 ('V621','A-SIN-INFO'),
 ('V622','A-SIN-INFO'),
 ('V623','A-SIN-INFO'),
 ('V641','A-SIN-INFO'),
 ('V642','A-SIN-INFO'),
 ('V643','A-SIN-INFO'),
 ('V644','A-SIN-INFO'),
 ('V645','A-SIN-INFO'),
 ('V646','A-SIN-INFO'),
 ('V647','A-SIN-INFO'),
 ('V648','A-SIN-INFO'),
 ('V6A1','A-SIN-INFO'),
 ('V6A2','A-SIN-INFO'),
 ('V6A3','A-SIN-INFO'),
 ('V6B3','A-SIN-INFO'),
 ('V6I','A-SIN-INFO'),
 ('V6Z1','A-SIN-INFO'),
 ('V6Z2','A-SIN-INFO'),
 ('V6Z4','A-SIN-INFO'),
 ('VSA2','A-SIN-INFO'),
 ('W2A2','A-SIN-INFO'),
 ('W2A3','A-SIN-INFO'),
 ('W2A4','A-SIN-INFO'),
 ('X131','A-SIN-INFO'),
 ('X132','A-SIN-INFO'),
 ('X133','A-SIN-INFO'),
 ('X134','A-SIN-INFO'),
 ('X135','A-SIN-INFO'),
 ('X136','A-SIN-INFO'),
 ('X137','A-SIN-INFO'),
 ('X138','A-SIN-INFO'),
 ('X1A1','A-SIN-INFO'),
 ('X1A2','A-SIN-INFO'),
 ('X1A3','A-SIN-INFO'),
 ('X1A4','A-SIN-INFO'),
 ('X1A5','A-SIN-INFO'),
 ('X1A6','A-SIN-INFO'),
 ('X1A7','A-SIN-INFO'),
 ('X1A9','A-SIN-INFO'),
 ('X1B5','A-SIN-INFO'),
 ('X1Z1','A-SIN-INFO'),
 ('X1Z4','A-SIN-INFO'),
 ('X2A1','A-SIN-INFO'),
 ('X2A2','A-SIN-INFO'),
 ('X3A0','A-SIN-INFO'),
 ('X3A1','A-SIN-INFO'),
 ('X3A9','A-SIN-INFO'),
 ('xxa0','A-SIN-INFO'),
 ('XXA1','A-SIN-INFO'),
 ('XXZZ','A-SIN-INFO'),
 ('Y1A1','A-SIN-INFO'),
 ('Y1A2','A-SIN-INFO'),
 ('Y1A3','A-SIN-INFO'),
 ('YYA1','A-SIN-INFO'),
 ('Z1A2','A-SIN-INFO'),
 ('Z1A4','A-SIN-INFO'),
 ('ZEA3','A-SIN-INFO'),
 ('ZZ8','A-SIN-INFO'),
 ('zza0','A-SIN-INFO'),
 ('ZZA2','A-SIN-INFO');
/*!40000 ALTER TABLE `SIS05_MODULO` ENABLE KEYS */;


--
-- Definition of table `SIS06_TECNOLOGIA`
--

DROP TABLE IF EXISTS `SIS06_TECNOLOGIA`;
CREATE TABLE `SIS06_TECNOLOGIA` (
  `SIS06_TECNOLOGIAID` varchar(50) NOT NULL,
  `SIS06_TECNOLOGIADESCRIPCION` text,
  PRIMARY KEY (`SIS06_TECNOLOGIAID`)
) ENGINE=InnoDB DEFAULT CHARSET=latin1;

--
-- Dumping data for table `SIS06_TECNOLOGIA`
--

/*!40000 ALTER TABLE `SIS06_TECNOLOGIA` DISABLE KEYS */;
INSERT INTO `SIS06_TECNOLOGIA` (`SIS06_TECNOLOGIAID`,`SIS06_TECNOLOGIADESCRIPCION`) VALUES 
 ('A-SIN-INFO','SIN-INFO'),
 ('MATERIAL','MATERIAL'),
 ('TOOLBOOK','TOOLBOOK');
/*!40000 ALTER TABLE `SIS06_TECNOLOGIA` ENABLE KEYS */;


--
-- Definition of table `SIS07_CLASIFICADOR`
--

DROP TABLE IF EXISTS `SIS07_CLASIFICADOR`;
CREATE TABLE `SIS07_CLASIFICADOR` (
  `SIS07_CLASIFICADORID` int(11) NOT NULL AUTO_INCREMENT,
  `SIS07_NIVELID` int(2) NOT NULL,
  `SIS07_CLASIFICADORDESCRIPCION` varchar(100) NOT NULL,
  PRIMARY KEY (`SIS07_CLASIFICADORID`)
) ENGINE=InnoDB AUTO_INCREMENT=154 DEFAULT CHARSET=latin1;

--
-- Dumping data for table `SIS07_CLASIFICADOR`
--

/*!40000 ALTER TABLE `SIS07_CLASIFICADOR` DISABLE KEYS */;
INSERT INTO `SIS07_CLASIFICADOR` (`SIS07_CLASIFICADORID`,`SIS07_NIVELID`,`SIS07_CLASIFICADORDESCRIPCION`) VALUES 
 (94,2,'Dudas sobre funcionamiento del programa (Explicación por asesora)'),
 (95,2,'Dudas sobre contenidos en reportes (Explicación por asesora)'),
 (96,2,'Solicita corrección, ejercicio no valida respuesta correcta'),
 (97,2,'Solicita revisión ejercicio no se entiende '),
 (98,2,'Solicita  revisión ejercicio no corresponde al curriculum'),
 (99,2,'No genera cambio del módulo'),
 (100,2,'Error Nan'),
 (101,2,'Problema Switch / Access Point'),
 (102,2,'Emat Local Apagado'),
 (103,2,'Problema de hardware'),
 (104,2,'Problema en proxy'),
 (105,2,'Problema en enlace'),
 (106,2,'Problema en configuraciones de equipos'),
 (107,2,'Problema en configuración de red'),
 (108,2,'Problema con término de módulo'),
 (109,2,'Problema datos reinicio'),
 (110,2,'Problema en el recorrido'),
 (111,2,'Problema en reportes'),
 (112,2,'Problema inicio módulo'),
 (113,2,'Problema módulo e-test (Evaluaciones)'),
 (114,2,'Reporta posible error'),
 (115,2,'Problema en archivos host equipos laboratorios'),
 (116,2,'Equipos no cuentan con tarjeta de sonido'),
 (117,2,'Laboratorio con accesos directos a libros'),
 (118,2,'Mejora no actualizada en local'),
 (119,2,'Error por Multiple Logeo'),
 (125,1,'Problemas de visualización / carga'),
 (126,1,'Solicitud de claves o  códigos'),
 (127,1,'No puede entrar a su sesión'),
 (128,1,'Problema código de lista'),
 (129,1,'Rut no valido'),
 (130,1,'Reinicio de Diagnóstico'),
 (131,1,'Actividad no disponible'),
 (132,1,'Mensajes de error'),
 (133,1,'No avanza el ejercicio'),
 (134,1,'Problema calculo puntaje'),
 (135,1,'Problema arrastre de objetos'),
 (136,1,'Problema en reporte tutor o administrador'),
 (137,1,'Problema en ingreso actividades  tutor'),
 (138,1,'Problema en planilla de notas tutor'),
 (139,1,'Posicionamiento de alumnos (cambio estado)'),
 (140,1,'Olvidó password tutor'),
 (141,1,'Cambio de colegio'),
 (142,1,'Solicita respuesta del ejercicio'),
 (143,1,'Solicita explicación del ejercicio'),
 (144,1,'Dudas sobre funcionamiento del programa (Generales)'),
 (145,1,'Dudas sobre contenidos en reportes (Generales)'),
 (146,1,'Cambio de curso'),
 (147,1,'No puede entrar a su sesión (Alumno no inscrito)'),
 (148,1,'Cambio de nombre'),
 (149,1,'Cambio de password'),
 (150,1,'Eliminar alumno (s)'),
 (151,1,'Generar rut para alumno extranjero'),
 (152,1,'Inscripción de tutor o administrador'),
 (153,1,'Password no valida');
/*!40000 ALTER TABLE `SIS07_CLASIFICADOR` ENABLE KEYS */;


--
-- Definition of view `ED07_LABORATORIO_ASESOR`
--

DROP TABLE IF EXISTS `ED07_LABORATORIO_ASESOR`;
DROP VIEW IF EXISTS `ED07_LABORATORIO_ASESOR`;
CREATE ALGORITHM=UNDEFINED DEFINER=`compumat`@`%` SQL SECURITY DEFINER VIEW `ED07_LABORATORIO_ASESOR` AS select `c`.`RBD` AS `SIS03_LABORATORIOID`,`t`.`mailAsesor` AS `ED07_MAILASESOR` from (`helpdesk1`.`colegio_compumat` `c` join `helpdesk1`.`tblasesores` `t` on((convert(`c`.`rut_asesor` using utf8) = `t`.`rutAsesor`))) where ((`t`.`mailAsesor` is not null) and (`c`.`estado` = 4));

--
-- Definition of view `SIS03_LABORATORIO`
--

DROP TABLE IF EXISTS `SIS03_LABORATORIO`;
DROP VIEW IF EXISTS `SIS03_LABORATORIO`;
CREATE ALGORITHM=UNDEFINED DEFINER=`compumat`@`%` SQL SECURITY DEFINER VIEW `SIS03_LABORATORIO` AS select `c`.`RBD` AS `SIS03_LABORATORIOID`,`c`.`nombreinstitucion` AS `SIS03_LABORATORIODESCRIPCION`,`c`.`estado` AS `SIS03_ESTADO`,'' AS `SIS03_COLORETIQUETA`,`c`.`cursos_por_nivel` AS `SIS03_CURSOS`,`a`.`nombreAsesor` AS `SIS03_ASESOR`,`c`.`niveles_colegio` AS `SIS03_NIVELES`,`c`.`productos` AS `SIS03_PRODUCTOS`,`c`.`tiene_emat_local` AS `SIS03_CONEMATLOCAL`,`c`.`instalado_emat_local` AS `SIS03_INTALADONEMATLOCAL` from (`helpdesk1`.`colegio_compumat` `c` left join `helpdesk1`.`tblasesores` `a` on((convert(`c`.`rut_asesor` using utf8) = `a`.`rutAsesor`)));



/*!40101 SET SQL_MODE=@OLD_SQL_MODE */;
/*!40014 SET FOREIGN_KEY_CHECKS=@OLD_FOREIGN_KEY_CHECKS */;
/*!40014 SET UNIQUE_CHECKS=@OLD_UNIQUE_CHECKS */;
/*!40101 SET CHARACTER_SET_CLIENT=@OLD_CHARACTER_SET_CLIENT */;
/*!40101 SET CHARACTER_SET_RESULTS=@OLD_CHARACTER_SET_RESULTS */;
/*!40101 SET COLLATION_CONNECTION=@OLD_COLLATION_CONNECTION */;
/*!40101 SET CHARACTER_SET_CLIENT=@OLD_CHARACTER_SET_CLIENT */;
